id,materia,materia_label,nucleo,tipo,fase,argomento,descrizione,bloom,competenza_europea,indirizzi,classi,keywords
ITA.CON.LING.01,ITA,Italiano (lingua e letteratura),Educazione linguistica,conoscenza,biennio,Fonologia e ortografia,Sistema fonologico; suono-grafema; ortografia e punteggiatura.,,alfabetica_funzionale,LA|LC|LES|LL|LMC|LMI|LS|LSA|LSS|LSU,A-11|A-13,
ITA.CON.LING.02,ITA,Italiano (lingua e letteratura),Educazione linguistica,conoscenza,biennio,Morfologia: le parti del discorso,Categorie grammaticali variabili e invariabili.,,alfabetica_funzionale,LA|LC|LES|LL|LMC|LMI|LS|LSA|LSS|LSU,A-11|A-13,
ITA.CON.LING.03,ITA,Italiano (lingua e letteratura),Educazione linguistica,conoscenza,biennio,Sintassi della frase semplice,"Soggetto, predicato, complementi.",,alfabetica_funzionale,LA|LC|LES|LL|LMC|LMI|LS|LSA|LSS|LSU,A-11|A-13,
ITA.CON.LING.04,ITA,Italiano (lingua e letteratura),Educazione linguistica,conoscenza,biennio,Sintassi del periodo,Coordinazione e subordinazione.,,alfabetica_funzionale,LA|LC|LES|LL|LMC|LMI|LS|LSA|LSS|LSU,A-11|A-13,
ITA.CON.LING.05,ITA,Italiano (lingua e letteratura),Educazione linguistica,conoscenza,biennio,Lessico e formazione delle parole,"Significato, campi semantici, derivazione, composizione.",,alfabetica_funzionale,LA|LC|LES|LL|LMC|LMI|LS|LSA|LSS|LSU,A-11|A-13,
ITA.CON.LING.06,ITA,Italiano (lingua e letteratura),Educazione linguistica,conoscenza,biennio,"Registri, varieta' e funzioni della lingua",Variazione linguistica e funzioni comunicative.,,alfabetica_funzionale,LA|LC|LES|LL|LMC|LMI|LS|LSA|LSS|LSU,A-11|A-13,
ITA.CON.TEST.01,ITA,Italiano (lingua e letteratura),Testo e tipologie testuali,conoscenza,biennio,Le tipologie testuali,"Narrativo, descrittivo, espositivo, argomentativo, regolativo.",,alfabetica_funzionale,LA|LC|LES|LL|LMC|LMI|LS|LSA|LSS|LSU,A-11|A-13,
ITA.CON.TEST.02,ITA,Italiano (lingua e letteratura),Testo e tipologie testuali,conoscenza,biennio,Coerenza e coesione testuale,Meccanismi di coesione e principi di coerenza.,,alfabetica_funzionale,LA|LC|LES|LL|LMC|LMI|LS|LSA|LSS|LSU,A-11|A-13,
ITA.CON.TEST.03,ITA,Italiano (lingua e letteratura),Testo e tipologie testuali,conoscenza,biennio,Strategie di comprensione e di studio,"Lettura, mappe, sintesi.",,personale_sociale_imparare,LA|LC|LES|LL|LMC|LMI|LS|LSA|LSS|LSU,A-11|A-13,
ITA.CON.ANAL.01,ITA,Italiano (lingua e letteratura),Strumenti dell'analisi letteraria,conoscenza,biennio,"Narrativa: fabula, intreccio, sequenze",Ordine e segmentazione del testo narrativo.,,consapevolezza_espressione_culturali,LA|LC|LES|LL|LMC|LMI|LS|LSA|LSS|LSU,A-11|A-13,
ITA.CON.ANAL.02,ITA,Italiano (lingua e letteratura),Strumenti dell'analisi letteraria,conoscenza,biennio,Narrativa: sistema dei personaggi,Tipologie e caratterizzazione.,,consapevolezza_espressione_culturali,LA|LC|LES|LL|LMC|LMI|LS|LSA|LSS|LSU,A-11|A-13,
ITA.CON.ANAL.03,ITA,Italiano (lingua e letteratura),Strumenti dell'analisi letteraria,conoscenza,biennio,Narrativa: tempo e spazio,Tempo della storia/del racconto; ambientazione.,,consapevolezza_espressione_culturali,LA|LC|LES|LL|LMC|LMI|LS|LSA|LSS|LSU,A-11|A-13,
ITA.CON.ANAL.04,ITA,Italiano (lingua e letteratura),Strumenti dell'analisi letteraria,conoscenza,biennio,Narrativa: narratore e focalizzazione,Voce narrante e punti di vista.,,consapevolezza_espressione_culturali,LA|LC|LES|LL|LMC|LMI|LS|LSA|LSS|LSU,A-11|A-13,
ITA.CON.ANAL.05,ITA,Italiano (lingua e letteratura),Strumenti dell'analisi letteraria,conoscenza,biennio,Poesia: metrica,"Verso, strofa, rima, ritmo.",,consapevolezza_espressione_culturali,LA|LC|LES|LL|LMC|LMI|LS|LSA|LSS|LSU,A-11|A-13,
ITA.CON.ANAL.06,ITA,Italiano (lingua e letteratura),Strumenti dell'analisi letteraria,conoscenza,biennio,Poesia: figure retoriche,"Figure di suono, significato, ordine.",,consapevolezza_espressione_culturali,LA|LC|LES|LL|LMC|LMI|LS|LSA|LSS|LSU,A-11|A-13,
ITA.CON.ANAL.07,ITA,Italiano (lingua e letteratura),Strumenti dell'analisi letteraria,conoscenza,biennio,Il testo teatrale,Struttura drammatica e linguaggio scenico.,,consapevolezza_espressione_culturali,LA|LC|LES|LL|LMC|LMI|LS|LSA|LSS|LSU,A-11|A-13,
ITA.CON.ANAL.08,ITA,Italiano (lingua e letteratura),Strumenti dell'analisi letteraria,conoscenza,biennio,Epica classica e mito,"Iliade, Odissea, Eneide; archetipi.",,consapevolezza_espressione_culturali,LA|LC|LES|LL|LMC|LMI|LS|LSA|LSS|LSU,A-11|A-13,epica|Omero|Virgilio
ITA.CON.LETT.01,ITA,Italiano (lingua e letteratura),Storia ed educazione letteraria,conoscenza,biennio,Lettura di un'opera integrale,Lettura guidata di un classico (es. Promessi Sposi).,,consapevolezza_espressione_culturali,LA|LC|LES|LL|LMC|LMI|LS|LSA|LSS|LSU,A-11|A-13,Manzoni
ITA.CON.LETT.02,ITA,Italiano (lingua e letteratura),Storia ed educazione letteraria,conoscenza,triennio,Le Origini: Siciliani e Stilnovo,Nascita della lirica volgare.,,consapevolezza_espressione_culturali,LA|LC|LES|LL|LMC|LMI|LS|LSA|LSS|LSU,A-11|A-13,Stilnovo
ITA.CON.LETT.03,ITA,Italiano (lingua e letteratura),Storia ed educazione letteraria,conoscenza,triennio,Dante e la Divina Commedia,"Vita, opere, lettura della Commedia.",,consapevolezza_espressione_culturali,LA|LC|LES|LL|LMC|LMI|LS|LSA|LSS|LSU,A-11|A-13,Dante|Commedia
ITA.CON.LETT.04,ITA,Italiano (lingua e letteratura),Storia ed educazione letteraria,conoscenza,triennio,Petrarca e il Canzoniere,Fondazione della lirica europea.,,consapevolezza_espressione_culturali,LA|LC|LES|LL|LMC|LMI|LS|LSA|LSS|LSU,A-11|A-13,Petrarca
ITA.CON.LETT.05,ITA,Italiano (lingua e letteratura),Storia ed educazione letteraria,conoscenza,triennio,Boccaccio e il Decameron,Nascita della novella moderna.,,consapevolezza_espressione_culturali,LA|LC|LES|LL|LMC|LMI|LS|LSA|LSS|LSU,A-11|A-13,Boccaccio
ITA.CON.LETT.06,ITA,Italiano (lingua e letteratura),Storia ed educazione letteraria,conoscenza,triennio,Umanesimo e Rinascimento,"Ariosto, Tasso, Machiavelli.",,consapevolezza_espressione_culturali,LA|LC|LES|LL|LMC|LMI|LS|LSA|LSS|LSU,A-11|A-13,Ariosto|Machiavelli
ITA.CON.LETT.07,ITA,Italiano (lingua e letteratura),Storia ed educazione letteraria,conoscenza,triennio,Barocco e nuova scienza,Poetica barocca; Galileo.,,consapevolezza_espressione_culturali,LA|LC|LES|LL|LMC|LMI|LS|LSA|LSS|LSU,A-11|A-13,Galileo
ITA.CON.LETT.08,ITA,Italiano (lingua e letteratura),Storia ed educazione letteraria,conoscenza,triennio,Illuminismo e riforma teatrale,"Goldoni, Parini, Alfieri.",,consapevolezza_espressione_culturali,LA|LC|LES|LL|LMC|LMI|LS|LSA|LSS|LSU,A-11|A-13,Goldoni|Parini
ITA.CON.LETT.09,ITA,Italiano (lingua e letteratura),Storia ed educazione letteraria,conoscenza,triennio,Il Romanticismo,"Foscolo, Manzoni, Leopardi.",,consapevolezza_espressione_culturali,LA|LC|LES|LL|LMC|LMI|LS|LSA|LSS|LSU,A-11|A-13,Leopardi|Foscolo
ITA.CON.LETT.10,ITA,Italiano (lingua e letteratura),Storia ed educazione letteraria,conoscenza,triennio,Il Verismo,Naturalismo e Verismo; Verga.,,consapevolezza_espressione_culturali,LA|LC|LES|LL|LMC|LMI|LS|LSA|LSS|LSU,A-11|A-13,Verga
ITA.CON.LETT.11,ITA,Italiano (lingua e letteratura),Storia ed educazione letteraria,conoscenza,triennio,Il Decadentismo,Pascoli e D'Annunzio.,,consapevolezza_espressione_culturali,LA|LC|LES|LL|LMC|LMI|LS|LSA|LSS|LSU,A-11|A-13,Pascoli|D'Annunzio
ITA.CON.LETT.12,ITA,Italiano (lingua e letteratura),Storia ed educazione letteraria,conoscenza,triennio,Avanguardie e primo Novecento,Crepuscolari e Futurismo.,,consapevolezza_espressione_culturali,LA|LC|LES|LL|LMC|LMI|LS|LSA|LSS|LSU,A-11|A-13,Futurismo
ITA.CON.LETT.13,ITA,Italiano (lingua e letteratura),Storia ed educazione letteraria,conoscenza,triennio,Il romanzo del Novecento,Svevo e Pirandello.,,consapevolezza_espressione_culturali,LA|LC|LES|LL|LMC|LMI|LS|LSA|LSS|LSU,A-11|A-13,Svevo|Pirandello
ITA.CON.LETT.14,ITA,Italiano (lingua e letteratura),Storia ed educazione letteraria,conoscenza,triennio,La poesia del Novecento,"Ungaretti, Montale, Saba; Ermetismo.",,consapevolezza_espressione_culturali,LA|LC|LES|LL|LMC|LMI|LS|LSA|LSS|LSU,A-11|A-13,Montale|Ungaretti
ITA.CON.LETT.15,ITA,Italiano (lingua e letteratura),Storia ed educazione letteraria,conoscenza,triennio,Il secondo Novecento,Neorealismo; Calvino e la contemporanea.,,consapevolezza_espressione_culturali,LA|LC|LES|LL|LMC|LMI|LS|LSA|LSS|LSU,A-11|A-13,Calvino
ITA.CON.LETT.16,ITA,Italiano (lingua e letteratura),Storia ed educazione letteraria,conoscenza,triennio,Storia della lingua italiana,Dalle origini volgari all'italiano contemporaneo.,,alfabetica_funzionale,LA|LC|LES|LL|LMC|LMI|LS|LSA|LSS|LSU,A-11|A-13,
ITA.CON.CRIT.01,ITA,Italiano (lingua e letteratura),Teoria e critica letteraria,conoscenza,triennio,Metodologie della critica letteraria,Principali approcci interpretativi.,,consapevolezza_espressione_culturali,LA|LC|LES|LL|LMC|LMI|LS|LSA|LSS|LSU,A-11|A-13,
ITA.CON.CRIT.02,ITA,Italiano (lingua e letteratura),Teoria e critica letteraria,conoscenza,triennio,Intertestualita' e letterature europee,Dialoghi tra testi e tradizioni.,,consapevolezza_espressione_culturali,LA|LC|LES|LL|LMC|LMI|LS|LSA|LSS|LSU,A-11|A-13,
ITA.CON.SCRI.01,ITA,Italiano (lingua e letteratura),Produzione scritta,conoscenza,triennio,Tipologie testuali dell'Esame di Stato,"Tipologie A, B, C.",,alfabetica_funzionale,LA|LC|LES|LL|LMC|LMI|LS|LSA|LSS|LSU,A-11|A-13,
ITA.COM.ORAL.01,ITA,Italiano (lingua e letteratura),Comunicazione orale,competenza,biennio,Gestire l'interazione comunicativa,Padroneggiare gli strumenti espressivi.,applicare,alfabetica_funzionale,LA|LC|LES|LL|LMC|LMI|LS|LSA|LSS|LSU,A-11|A-13,
ITA.COM.TEST.01,ITA,Italiano (lingua e letteratura),Testo e tipologie testuali,competenza,biennio,Comprendere e interpretare testi scritti,Leggere testi di vario tipo.,comprendere,alfabetica_funzionale,LA|LC|LES|LL|LMC|LMI|LS|LSA|LSS|LSU,A-11|A-13,
ITA.COM.ANAL.01,ITA,Italiano (lingua e letteratura),Strumenti dell'analisi letteraria,competenza,biennio,Analizzare un testo narrativo,Riconoscere le strutture del racconto.,analizzare,consapevolezza_espressione_culturali,LA|LC|LES|LL|LMC|LMI|LS|LSA|LSS|LSU,A-11|A-13,
ITA.COM.ANAL.02,ITA,Italiano (lingua e letteratura),Strumenti dell'analisi letteraria,competenza,biennio,Analizzare un testo poetico,"Metrica, retorica, forma-contenuto.",analizzare,consapevolezza_espressione_culturali,LA|LC|LES|LL|LMC|LMI|LS|LSA|LSS|LSU,A-11|A-13,
ITA.COM.SCRI.01,ITA,Italiano (lingua e letteratura),Produzione scritta,competenza,biennio,Produrre testi per scopi diversi,"Testi corretti, coerenti, coesi.",creare,alfabetica_funzionale,LA|LC|LES|LL|LMC|LMI|LS|LSA|LSS|LSU,A-11|A-13,
ITA.COM.SCRI.02,ITA,Italiano (lingua e letteratura),Produzione scritta,competenza,biennio,Riassumere e parafrasare,Riformulare conservando il senso.,applicare,alfabetica_funzionale,LA|LC|LES|LL|LMC|LMI|LS|LSA|LSS|LSU,A-11|A-13,
ITA.COM.LING.01,ITA,Italiano (lingua e letteratura),Educazione linguistica,competenza,biennio,Riflettere sulla lingua,La lingua come sistema e nei suoi usi.,analizzare,alfabetica_funzionale,LA|LC|LES|LL|LMC|LMI|LS|LSA|LSS|LSU,A-11|A-13,
ITA.COM.LETT.01,ITA,Italiano (lingua e letteratura),Storia ed educazione letteraria,competenza,biennio,Maturare il piacere della lettura,Leggere come crescita personale.,comprendere,consapevolezza_espressione_culturali,LA|LC|LES|LL|LMC|LMI|LS|LSA|LSS|LSU,A-11|A-13,
ITA.COM.LETT.02,ITA,Italiano (lingua e letteratura),Storia ed educazione letteraria,competenza,triennio,Contestualizzare testi e autori,Collocare nel quadro storico-culturale.,analizzare,consapevolezza_espressione_culturali,LA|LC|LES|LL|LMC|LMI|LS|LSA|LSS|LSU,A-11|A-13,
ITA.COM.ANAL.03,ITA,Italiano (lingua e letteratura),Strumenti dell'analisi letteraria,competenza,triennio,Condurre la lettura diretta del testo,Interpretare dall'evidenza testuale.,analizzare,consapevolezza_espressione_culturali,LA|LC|LES|LL|LMC|LMI|LS|LSA|LSS|LSU,A-11|A-13,
ITA.COM.LETT.03,ITA,Italiano (lingua e letteratura),Storia ed educazione letteraria,competenza,triennio,Riconoscere relazioni intertestuali,Continuita' e fratture nella tradizione.,analizzare,consapevolezza_espressione_culturali,LA|LC|LES|LL|LMC|LMI|LS|LSA|LSS|LSU,A-11|A-13,
ITA.COM.ANAL.04,ITA,Italiano (lingua e letteratura),Strumenti dell'analisi letteraria,competenza,triennio,Padroneggiare le metodologie di analisi,"Tematica, stilistica, retorica, metrica.",applicare,consapevolezza_espressione_culturali,LA|LC|LES|LL|LMC|LMI|LS|LSA|LSS|LSU,A-11|A-13,
ITA.COM.CRIT.01,ITA,Italiano (lingua e letteratura),Teoria e critica letteraria,competenza,triennio,Formulare interpretazioni autonome,Argomentare letture proprie.,valutare,consapevolezza_espressione_culturali,LA|LC|LES|LL|LMC|LMI|LS|LSA|LSS|LSU,A-11|A-13,
ITA.COM.SCRI.03,ITA,Italiano (lingua e letteratura),Produzione scritta,competenza,triennio,Produrre l'analisi del testo (Tip. A),Analisi testuale completa.,creare,alfabetica_funzionale,LA|LC|LES|LL|LMC|LMI|LS|LSA|LSS|LSU,A-11|A-13,
ITA.COM.SCRI.04,ITA,Italiano (lingua e letteratura),Produzione scritta,competenza,triennio,Produrre il testo argomentativo (Tip. B),Sostenere una tesi con prove.,creare,alfabetica_funzionale,LA|LC|LES|LL|LMC|LMI|LS|LSA|LSS|LSU,A-11|A-13,
ITA.COM.SCRI.05,ITA,Italiano (lingua e letteratura),Produzione scritta,competenza,triennio,Produrre il testo espositivo-argomentativo (Tip. C),Riflessione critica su un tema.,creare,alfabetica_funzionale,LA|LC|LES|LL|LMC|LMI|LS|LSA|LSS|LSU,A-11|A-13,
ITA.COM.ORAL.02,ITA,Italiano (lingua e letteratura),Comunicazione orale,competenza,triennio,Esporre oralmente con proprieta',Esposizione chiara e lessico appropriato.,applicare,alfabetica_funzionale,LA|LC|LES|LL|LMC|LMI|LS|LSA|LSS|LSU,A-11|A-13,
ITA.COM.LETT.04,ITA,Italiano (lingua e letteratura),Storia ed educazione letteraria,competenza,triennio,Usare la letteratura per comprendere il mondo,Mettere i testi in relazione con l'esperienza.,valutare,consapevolezza_espressione_culturali,LA|LC|LES|LL|LMC|LMI|LS|LSA|LSS|LSU,A-11|A-13,
LAT.CON.MORF.01,LAT,Latino,Morfologia,conoscenza,biennio,Fonetica e legge dell'accento,"Pronuncia, quantita', accentazione.",,multilinguistica,LC|LL|LS|LSU,A-11|A-13,
LAT.CON.MORF.02,LAT,Latino,Morfologia,conoscenza,biennio,Le cinque declinazioni,Flessione nominale.,,multilinguistica,LC|LL|LS|LSU,A-11|A-13,
LAT.CON.MORF.03,LAT,Latino,Morfologia,conoscenza,biennio,Aggettivi e gradi dell'aggettivo,I e II classe; comparativo e superlativo.,,multilinguistica,LC|LL|LS|LSU,A-11|A-13,
LAT.CON.MORF.04,LAT,Latino,Morfologia,conoscenza,biennio,Pronomi,Sistema pronominale.,,multilinguistica,LC|LL|LS|LSU,A-11|A-13,
LAT.CON.MORF.05,LAT,Latino,Morfologia,conoscenza,biennio,Le quattro coniugazioni,Diatesi attiva e passiva.,,multilinguistica,LC|LL|LS|LSU,A-11|A-13,
LAT.CON.MORF.06,LAT,Latino,Morfologia,conoscenza,biennio,Verbi deponenti e irregolari,Verbi anomali.,,multilinguistica,LC|LL|LS|LSU,A-11|A-13,
LAT.CON.SINT.01,LAT,Latino,Sintassi,conoscenza,biennio,Sintassi dei casi: fondamenti,Funzioni dei casi e complementi.,,multilinguistica,LC|LL|LS|LSU,A-11|A-13,
LAT.CON.SINT.02,LAT,Latino,Sintassi,conoscenza,biennio,Subordinate fondamentali,"Finali, consecutive, cum narrativo, infinitive.",,multilinguistica,LC|LL|LS|LSU,A-11|A-13,
LAT.CON.SINT.03,LAT,Latino,Sintassi,conoscenza,biennio,Participio congiunto e ablativo assoluto,Costrutti participiali.,,multilinguistica,LC|LL|LS|LSU,A-11|A-13,
LAT.CON.SINT.04,LAT,Latino,Sintassi,conoscenza,biennio,Perifrastica attiva,Costrutto perifrastico.,,multilinguistica,LC|LL|LS|LSU,A-11|A-13,
LAT.CON.LESS.01,LAT,Latino,Lessico,conoscenza,biennio,Lessico di base e famiglie lessicali,Lessico fondamentale e radici.,,multilinguistica,LC|LL|LS|LSU,A-11|A-13,
LAT.CON.CULT.01,LAT,Latino,Civilta' e ricezione,conoscenza,biennio,Elementi di civilta' romana,"Istituzioni, valori, vita quotidiana.",,consapevolezza_espressione_culturali,LC|LL|LS|LSU,A-11|A-13,
LAT.CON.SINT.05,LAT,Latino,Sintassi,conoscenza,triennio,Sintassi del verbo,"Modi, tempi, consecutio temporum.",,multilinguistica,LC|LS|LSU,A-11|A-13,
LAT.CON.SINT.06,LAT,Latino,Sintassi,conoscenza,triennio,Sintassi del periodo,Periodo ipotetico e subordinazione complessa.,,multilinguistica,LC|LS|LSU,A-11|A-13,
LAT.CON.LETT.01,LAT,Latino,Storia letteraria,conoscenza,triennio,Eta' arcaica e teatro,Plauto e Terenzio.,,consapevolezza_espressione_culturali,LC|LS|LSU,A-11|A-13,Plauto|Terenzio
LAT.CON.LETT.02,LAT,Latino,Storia letteraria,conoscenza,triennio,Eta' di Cesare,"Catullo, Cicerone, Cesare, Sallustio, Lucrezio.",,consapevolezza_espressione_culturali,LC|LS|LSU,A-11|A-13,Cicerone|Catullo
LAT.CON.LETT.03,LAT,Latino,Storia letteraria,conoscenza,triennio,Eta' augustea,"Virgilio, Orazio, elegia, Livio, Ovidio.",,consapevolezza_espressione_culturali,LC|LS|LSU,A-11|A-13,Virgilio|Orazio
LAT.CON.LETT.04,LAT,Latino,Storia letteraria,conoscenza,triennio,Eta' giulio-claudia,"Seneca, Lucano, Petronio.",,consapevolezza_espressione_culturali,LC|LS|LSU,A-11|A-13,Seneca|Petronio
LAT.CON.LETT.05,LAT,Latino,Storia letteraria,conoscenza,triennio,Eta' dei Flavi e di Traiano,"Quintiliano, Marziale, Giovenale, Tacito.",,consapevolezza_espressione_culturali,LC|LS|LSU,A-11|A-13,Tacito
LAT.CON.LETT.06,LAT,Latino,Storia letteraria,conoscenza,triennio,Eta' imperiale tarda e cristiana,Apuleio; Agostino.,,consapevolezza_espressione_culturali,LC|LS|LSU,A-11|A-13,Apuleio|Agostino
LAT.CON.LETT.07,LAT,Latino,Storia letteraria,conoscenza,triennio,Generi letterari e modelli greci,Sistema dei generi e rapporto coi modelli greci.,,consapevolezza_espressione_culturali,LC|LS|LSU,A-11|A-13,
LAT.CON.METR.01,LAT,Latino,Metrica,conoscenza,triennio,Metrica latina,Esametro e distico elegiaco.,,consapevolezza_espressione_culturali,LC|LS|LSU,A-11|A-13,
LAT.CON.CULT.02,LAT,Latino,Civilta' e ricezione,conoscenza,triennio,Permanenza dei classici,Ricezione nella cultura europea.,,consapevolezza_espressione_culturali,LC|LS|LSU,A-11|A-13,
LAT.COM.TRAD.01,LAT,Latino,Traduzione e analisi del testo,competenza,biennio,Analizzare morfosintatticamente,Scomporre la struttura del testo.,analizzare,multilinguistica,LC|LL|LS|LSU,A-11|A-13,
LAT.COM.TRAD.02,LAT,Latino,Traduzione e analisi del testo,competenza,biennio,Tradurre testi graduati,Resa in italiano corretto.,applicare,multilinguistica,LC|LL|LS|LSU,A-11|A-13,
LAT.COM.SINT.01,LAT,Latino,Sintassi,competenza,biennio,Riconoscere la struttura della frase,Reggenze e gerarchie del periodo.,analizzare,multilinguistica,LC|LL|LS|LSU,A-11|A-13,
LAT.COM.CULT.01,LAT,Latino,Civilta' e ricezione,competenza,biennio,Riflettere sul rapporto latino-italiano,Derivazioni e continuita'.,analizzare,multilinguistica,LC|LL|LS|LSU,A-11|A-13,
LAT.COM.CULT.02,LAT,Latino,Civilta' e ricezione,competenza,biennio,Cogliere elementi di civilta',Ricavare dai testi la cultura latina.,comprendere,consapevolezza_espressione_culturali,LC|LL|LS|LSU,A-11|A-13,
LAT.COM.TRAD.03,LAT,Latino,Traduzione e analisi del testo,competenza,triennio,Tradurre e interpretare testi d'autore,Resa e interpretazione di testi letterari.,valutare,multilinguistica,LC|LS|LSU,A-11|A-13,
LAT.COM.LETT.01,LAT,Latino,Storia letteraria,competenza,triennio,Contestualizzare testi e autori,Collocare nel quadro storico-letterario.,analizzare,consapevolezza_espressione_culturali,LC|LS|LSU,A-11|A-13,
LAT.COM.TRAD.04,LAT,Latino,Traduzione e analisi del testo,competenza,triennio,Confrontare istituti linguistici,Comparare latino/italiano/lingue moderne.,analizzare,multilinguistica,LC|LS|LSU,A-11|A-13,
LAT.COM.CULT.03,LAT,Latino,Civilta' e ricezione,competenza,triennio,Riconoscere continuita' e alterita',Antico e contemporaneo a confronto.,valutare,consapevolezza_espressione_culturali,LC|LS|LSU,A-11|A-13,
LAT.COM.TRAD.05,LAT,Latino,Traduzione e analisi del testo,competenza,triennio,Analizzare integrando lingua e letteratura,Unire piano linguistico e letterario.,analizzare,consapevolezza_espressione_culturali,LC|LS|LSU,A-11|A-13,
GRC.CON.MORF.01,GRC,Greco,Morfologia,conoscenza,biennio,"Alfabeto, spiriti e accenti",Sistema grafico-fonetico.,,multilinguistica,LC,A-13,
GRC.CON.MORF.02,GRC,Greco,Morfologia,conoscenza,biennio,Le tre declinazioni,Flessione nominale.,,multilinguistica,LC,A-13,
GRC.CON.MORF.03,GRC,Greco,Morfologia,conoscenza,biennio,Aggettivi e pronomi,Sistema aggettivale e pronominale.,,multilinguistica,LC,A-13,
GRC.CON.MORF.04,GRC,Greco,Morfologia,conoscenza,biennio,Presente e imperfetto,"Diatesi attiva, media, passiva.",,multilinguistica,LC,A-13,
GRC.CON.MORF.05,GRC,Greco,Morfologia,conoscenza,biennio,Futuro e aoristo,Temi del futuro e dell'aoristo.,,multilinguistica,LC,A-13,
GRC.CON.MORF.06,GRC,Greco,Morfologia,conoscenza,biennio,Verbi in -mi,Coniugazione atematica.,,multilinguistica,LC,A-13,
GRC.CON.SINT.01,GRC,Greco,Sintassi,conoscenza,biennio,Usi del participio,"Congiunto, sostantivato, predicativo, genitivo assoluto.",,multilinguistica,LC,A-13,
GRC.CON.SINT.02,GRC,Greco,Sintassi,conoscenza,biennio,Infinito e infinitive,Funzioni dell'infinito.,,multilinguistica,LC,A-13,
GRC.CON.SINT.03,GRC,Greco,Sintassi,conoscenza,biennio,Subordinate fondamentali,Principali subordinate del greco.,,multilinguistica,LC,A-13,
GRC.CON.LESS.01,GRC,Greco,Lessico,conoscenza,biennio,Lessico di base,Lessico fondamentale.,,multilinguistica,LC,A-13,
GRC.CON.CULT.01,GRC,Greco,Civilta' e ricezione,conoscenza,biennio,Elementi di civilta' greca,"Polis, religione, valori.",,consapevolezza_espressione_culturali,LC,A-13,
GRC.CON.MORF.07,GRC,Greco,Morfologia,conoscenza,triennio,Il sistema del perfetto,Tema del perfetto.,,multilinguistica,LC,A-13,
GRC.CON.SINT.04,GRC,Greco,Sintassi,conoscenza,triennio,Ottativo e sintassi del periodo,Usi dell'ottativo; sintassi complessa.,,multilinguistica,LC,A-13,
GRC.CON.LETT.01,GRC,Greco,Storia letteraria,conoscenza,triennio,Omero e l'epica,Iliade e Odissea; questione omerica.,,consapevolezza_espressione_culturali,LC,A-13,Omero
GRC.CON.LETT.02,GRC,Greco,Storia letteraria,conoscenza,triennio,La lirica arcaica,"Elegia, giambo, melica.",,consapevolezza_espressione_culturali,LC,A-13,Saffo|Pindaro
GRC.CON.LETT.03,GRC,Greco,Storia letteraria,conoscenza,triennio,La tragedia,"Eschilo, Sofocle, Euripide.",,consapevolezza_espressione_culturali,LC,A-13,Sofocle|Euripide
GRC.CON.LETT.04,GRC,Greco,Storia letteraria,conoscenza,triennio,La commedia,Aristofane e Menandro.,,consapevolezza_espressione_culturali,LC,A-13,Aristofane
GRC.CON.LETT.05,GRC,Greco,Storia letteraria,conoscenza,triennio,La storiografia,"Erodoto, Tucidide, Senofonte.",,consapevolezza_espressione_culturali,LC,A-13,Erodoto|Tucidide
GRC.CON.LETT.06,GRC,Greco,Storia letteraria,conoscenza,triennio,L'oratoria,"Lisia, Demostene, Isocrate.",,consapevolezza_espressione_culturali,LC,A-13,Demostene
GRC.CON.LETT.07,GRC,Greco,Storia letteraria,conoscenza,triennio,La filosofia,Platone e Aristotele.,,consapevolezza_espressione_culturali,LC,A-13,Platone|Aristotele
GRC.CON.LETT.08,GRC,Greco,Storia letteraria,conoscenza,triennio,L'eta' ellenistica,"Callimaco, Teocrito, Polibio.",,consapevolezza_espressione_culturali,LC,A-13,Callimaco|Polibio
GRC.CON.LETT.09,GRC,Greco,Storia letteraria,conoscenza,triennio,L'eta' imperiale,"Plutarco, Luciano.",,consapevolezza_espressione_culturali,LC,A-13,Plutarco
GRC.CON.METR.01,GRC,Greco,Metrica e dialetti,conoscenza,triennio,Metrica e dialetti,Metri e dialetti letterari.,,consapevolezza_espressione_culturali,LC,A-13,
GRC.CON.CULT.02,GRC,Greco,Civilta' e ricezione,conoscenza,triennio,Rapporti greco-latino,Influssi sulla letteratura latina.,,consapevolezza_espressione_culturali,LC,A-13,
GRC.COM.TRAD.01,GRC,Greco,Traduzione e analisi del testo,competenza,biennio,Leggere e analizzare un testo semplice,Lettura e analisi morfosintattica di base.,analizzare,multilinguistica,LC,A-13,
GRC.COM.TRAD.02,GRC,Greco,Traduzione e analisi del testo,competenza,biennio,Tradurre testi graduati,Tradurre motivando le scelte.,applicare,multilinguistica,LC,A-13,
GRC.COM.MORF.01,GRC,Greco,Morfologia,competenza,biennio,Riconoscere le strutture morfosintattiche,Identificare forme e costrutti.,analizzare,multilinguistica,LC,A-13,
GRC.COM.CULT.01,GRC,Greco,Civilta' e ricezione,competenza,biennio,Cogliere il valore della cultura greca,Il greco come radice dell'Occidente.,comprendere,consapevolezza_espressione_culturali,LC,A-13,
GRC.COM.TRAD.03,GRC,Greco,Traduzione e analisi del testo,competenza,triennio,Tradurre con attenzione filologica,Resa di testi d'autore.,valutare,multilinguistica,LC,A-13,
GRC.COM.LETT.01,GRC,Greco,Storia letteraria,competenza,triennio,Contestualizzare opere e autori,Quadro storico-culturale.,analizzare,consapevolezza_espressione_culturali,LC,A-13,
GRC.COM.LETT.02,GRC,Greco,Storia letteraria,competenza,triennio,Riconoscere i modelli greci nei generi europei,Matrice greca dei generi.,analizzare,consapevolezza_espressione_culturali,LC,A-13,
GRC.COM.TRAD.04,GRC,Greco,Traduzione e analisi del testo,competenza,triennio,"Analizzare integrando lingua, letteratura, filosofia",Lettura su piu' piani.,analizzare,consapevolezza_espressione_culturali,LC,A-13,
GRC.COM.CULT.02,GRC,Greco,Civilta' e ricezione,competenza,triennio,Maturare consapevolezza del debito culturale,Eredita' greca dell'Occidente.,valutare,consapevolezza_espressione_culturali,LC,A-13,
STO.CON.STRU.01,STO,Storia,Strumenti e metodo,conoscenza,biennio,"Fonti, periodizzazione, cronologia",Strumenti del lavoro storico.,,cittadinanza,LA|LC|LES|LL|LMC|LMI|LS|LSA|LSS|LSU,A-11|A-13,
STO.CON.STRU.02,STO,Storia,Strumenti e metodo,conoscenza,biennio,Coordinate spazio-temporali e causalita',Collocazione e nessi causali.,,cittadinanza,LA|LC|LES|LL|LMC|LMI|LS|LSA|LSS|LSU,A-11|A-13,
STO.CON.STRU.03,STO,Storia,Strumenti e metodo,conoscenza,biennio,Lessico specifico della storia,Terminologia disciplinare.,,alfabetica_funzionale,LA|LC|LES|LL|LMC|LMI|LS|LSA|LSS|LSU,A-11|A-13,
STO.CON.CIV.01,STO,Storia,Quadri di civilta' e processi,conoscenza,biennio,Preistoria e rivoluzione neolitica,Origini dell'uomo e prime societa'.,,cittadinanza,LA|LC|LES|LL|LMC|LMI|LS|LSA|LSS|LSU,A-11|A-13,
STO.CON.CIV.02,STO,Storia,Quadri di civilta' e processi,conoscenza,biennio,Civilta' del Vicino Oriente antico,"Mesopotamia, Egitto, civilta' fluviali.",,cittadinanza,LA|LC|LES|LL|LMC|LMI|LS|LSA|LSS|LSU,A-11|A-13,
STO.CON.CIV.03,STO,Storia,Quadri di civilta' e processi,conoscenza,biennio,Il mondo greco,"Origini, eta' classica ed ellenistica.",,cittadinanza,LA|LC|LES|LL|LMC|LMI|LS|LSA|LSS|LSU,A-11|A-13,
STO.CON.CIV.04,STO,Storia,Quadri di civilta' e processi,conoscenza,biennio,Roma: dalla repubblica all'impero,Storia romana.,,cittadinanza,LA|LC|LES|LL|LMC|LMI|LS|LSA|LSS|LSU,A-11|A-13,
STO.CON.CIV.05,STO,Storia,Quadri di civilta' e processi,conoscenza,biennio,Tarda antichita' e alto medioevo,Trasformazioni tardo-antiche.,,cittadinanza,LA|LC|LES|LL|LMC|LMI|LS|LSA|LSS|LSU,A-11|A-13,
STO.CON.CIV.06,STO,Storia,Quadri di civilta' e processi,conoscenza,triennio,Basso medioevo,"Comuni, Chiesa e Impero.",,cittadinanza,LA|LC|LES|LL|LMC|LMI|LS|LSA|LSS|LSU,A-19,
STO.CON.CIV.07,STO,Storia,Quadri di civilta' e processi,conoscenza,triennio,"Umanesimo, scoperte, Riforma",Eta' delle scoperte e fratture religiose.,,cittadinanza,LA|LC|LES|LL|LMC|LMI|LS|LSA|LSS|LSU,A-19,
STO.CON.CIV.08,STO,Storia,Quadri di civilta' e processi,conoscenza,triennio,L'eta' moderna,"Stato moderno, assolutismo, economia-mondo.",,cittadinanza,LA|LC|LES|LL|LMC|LMI|LS|LSA|LSS|LSU,A-19,
STO.CON.CIV.09,STO,Storia,Quadri di civilta' e processi,conoscenza,triennio,L'eta' delle rivoluzioni,"Scientifica, americana, francese, industriale.",,cittadinanza,LA|LC|LES|LL|LMC|LMI|LS|LSA|LSS|LSU,A-19,
STO.CON.CIV.10,STO,Storia,Quadri di civilta' e processi,conoscenza,triennio,L'Ottocento,"Restaurazione, nazioni, Risorgimento, imperialismi.",,cittadinanza,LA|LC|LES|LL|LMC|LMI|LS|LSA|LSS|LSU,A-19,
STO.CON.CIV.11,STO,Storia,Quadri di civilta' e processi,conoscenza,triennio,Primo Novecento e Grande Guerra,Eta' delle masse e Prima guerra mondiale.,,cittadinanza,LA|LC|LES|LL|LMC|LMI|LS|LSA|LSS|LSU,A-19,
STO.CON.CIV.12,STO,Storia,Quadri di civilta' e processi,conoscenza,triennio,Totalitarismi e Seconda guerra mondiale,Crisi delle democrazie e conflitto.,,cittadinanza,LA|LC|LES|LL|LMC|LMI|LS|LSA|LSS|LSU,A-19,
STO.CON.CIV.13,STO,Storia,Quadri di civilta' e processi,conoscenza,triennio,Il mondo bipolare,Guerra fredda e dopoguerra.,,cittadinanza,LA|LC|LES|LL|LMC|LMI|LS|LSA|LSS|LSU,A-19,
STO.CON.CIV.14,STO,Storia,Quadri di civilta' e processi,conoscenza,triennio,Il mondo contemporaneo,"Decolonizzazione, globalizzazione, presente.",,cittadinanza,LA|LC|LES|LL|LMC|LMI|LS|LSA|LSS|LSU,A-19,
STO.CON.FONT.01,STO,Storia,Fonti e storiografia,conoscenza,triennio,Questioni storiografiche,Dibattito interpretativo e scuole.,,cittadinanza,LA|LC|LES|LL|LMC|LMI|LS|LSA|LSS|LSU,A-19,
STO.COM.STRU.01,STO,Storia,Strumenti e metodo,competenza,biennio,Comprendere il cambiamento storico,Lettura diacronica e sincronica.,comprendere,cittadinanza,LA|LC|LES|LL|LMC|LMI|LS|LSA|LSS|LSU,A-11|A-13,
STO.COM.STRU.02,STO,Storia,Strumenti e metodo,competenza,biennio,Collocare eventi nello spazio e nel tempo,Orientarsi nelle coordinate.,applicare,cittadinanza,LA|LC|LES|LL|LMC|LMI|LS|LSA|LSS|LSU,A-11|A-13,
STO.COM.FONT.01,STO,Storia,Fonti e storiografia,competenza,biennio,Leggere e interpretare fonti,Trattare fonti di diversa tipologia.,analizzare,cittadinanza,LA|LC|LES|LL|LMC|LMI|LS|LSA|LSS|LSU,A-11|A-13,
STO.COM.STRU.03,STO,Storia,Strumenti e metodo,competenza,biennio,Cogliere nessi di causa-effetto,Relazioni tra fenomeni.,analizzare,cittadinanza,LA|LC|LES|LL|LMC|LMI|LS|LSA|LSS|LSU,A-11|A-13,
STO.COM.CITT.01,STO,Storia,Cittadinanza,competenza,biennio,Comprendere il presente attraverso il passato,Usare la storia per l'attualita'.,comprendere,cittadinanza,LA|LC|LES|LL|LMC|LMI|LS|LSA|LSS|LSU,A-11|A-13,
STO.COM.STRU.04,STO,Storia,Strumenti e metodo,competenza,triennio,Ricostruire processi storici complessi,Analisi multidimensionale dei fenomeni.,analizzare,cittadinanza,LA|LC|LES|LL|LMC|LMI|LS|LSA|LSS|LSU,A-19,
STO.COM.FONT.02,STO,Storia,Fonti e storiografia,competenza,triennio,Confrontare interpretazioni storiografiche,Comparare letture e presupposti.,valutare,cittadinanza,LA|LC|LES|LL|LMC|LMI|LS|LSA|LSS|LSU,A-19,
STO.COM.FONT.03,STO,Storia,Fonti e storiografia,competenza,triennio,Argomentare con fonti e documenti,Conoscenza storica su base documentaria.,creare,cittadinanza,LA|LC|LES|LL|LMC|LMI|LS|LSA|LSS|LSU,A-19,
STO.COM.CITT.02,STO,Storia,Cittadinanza,competenza,triennio,Cogliere la dimensione storica del presente,Leggere storicamente l'attualita'.,valutare,cittadinanza,LA|LC|LES|LL|LMC|LMI|LS|LSA|LSS|LSU,A-19,
STO.COM.CITT.03,STO,Storia,Cittadinanza,competenza,triennio,Esercitare cittadinanza consapevole,Raccordo con l'Educazione civica.,valutare,cittadinanza,LA|LC|LES|LL|LMC|LMI|LS|LSA|LSS|LSU,A-19,
GEO.CON.STRU.01,GEO,Geografia / Geostoria,Strumenti della geografia,conoscenza,biennio,Strumenti della geografia,"Carte, scale, dati, grafici.",,digitale,LA|LC|LES|LL|LMC|LMI|LS|LSA|LSS|LSU,A-11|A-13,
GEO.CON.FIS.01,GEO,Geografia / Geostoria,Geografia fisica e antropica,conoscenza,biennio,Geografia fisica,"Climi, ambienti, paesaggi.",,cittadinanza,LA|LC|LES|LL|LMC|LMI|LS|LSA|LSS|LSU,A-11|A-13,
GEO.CON.FIS.02,GEO,Geografia / Geostoria,Geografia fisica e antropica,conoscenza,biennio,Popolazione e migrazioni,Dinamiche demografiche e movimenti.,,cittadinanza,LA|LC|LES|LL|LMC|LMI|LS|LSA|LSS|LSU,A-11|A-13,
GEO.CON.FIS.03,GEO,Geografia / Geostoria,Geografia fisica e antropica,conoscenza,biennio,Insediamenti e urbanizzazione,Citta' e reti urbane.,,cittadinanza,LA|LC|LES|LL|LMC|LMI|LS|LSA|LSS|LSU,A-11|A-13,
GEO.CON.ECO.01,GEO,Geografia / Geostoria,Geografia economica e geopolitica,conoscenza,biennio,Geografia economica,"Settori, sviluppo, squilibri.",,cittadinanza,LA|LC|LES|LL|LMC|LMI|LS|LSA|LSS|LSU,A-11|A-13,
GEO.CON.ECO.02,GEO,Geografia / Geostoria,Geografia economica e geopolitica,conoscenza,biennio,Geopolitica e organizzazione del territorio,"Stati, confini, organismi internazionali.",,cittadinanza,LA|LC|LES|LL|LMC|LMI|LS|LSA|LSS|LSU,A-11|A-13,
GEO.CON.AMB.01,GEO,Geografia / Geostoria,Ambiente e sostenibilita',conoscenza,biennio,"Ambiente, risorse, sostenibilita'","Risorse, impatti, sviluppo sostenibile.",,cittadinanza,LA|LC|LES|LL|LMC|LMI|LS|LSA|LSS|LSU,A-11|A-13,Agenda 2030
GEO.CON.AMB.02,GEO,Geografia / Geostoria,Ambiente e sostenibilita',conoscenza,biennio,Relazione uomo-ambiente nel tempo,Raccordo geostorico.,,cittadinanza,LA|LC|LES|LL|LMC|LMI|LS|LSA|LSS|LSU,A-11|A-13,
GEO.CON.ECO.03,GEO,Geografia / Geostoria,Geografia economica e geopolitica,conoscenza,biennio,Scenari regionali e globali,Modelli di sviluppo e squilibri.,,cittadinanza,LA|LC|LES|LL|LMC|LMI|LS|LSA|LSS|LSU,A-11|A-13,
GEO.CON.ECO.04,GEO,Geografia / Geostoria,Geografia economica e geopolitica,conoscenza,biennio,Globalizzazione,Processi ed effetti.,,cittadinanza,LA|LC|LES|LL|LMC|LMI|LS|LSA|LSS|LSU,A-11|A-13,
GEO.CON.ECO.05,GEO,Geografia / Geostoria,Geografia economica e geopolitica,conoscenza,biennio,Geopolitica delle risorse,Risorse strategiche e conflitti.,,cittadinanza,LA|LC|LES|LL|LMC|LMI|LS|LSA|LSS|LSU,A-11|A-13,
GEO.CON.STRU.02,GEO,Geografia / Geostoria,Strumenti della geografia,conoscenza,biennio,Cartografia tematica e GIS,Strumenti digitali per il territorio.,,digitale,LA|LC|LES|LL|LMC|LMI|LS|LSA|LSS|LSU,A-11|A-13,GIS
GEO.COM.STRU.01,GEO,Geografia / Geostoria,Strumenti della geografia,competenza,biennio,Orientarsi nello spazio geografico,Usare carte e strumenti.,applicare,digitale,LA|LC|LES|LL|LMC|LMI|LS|LSA|LSS|LSU,A-11|A-13,
GEO.COM.STRU.02,GEO,Geografia / Geostoria,Strumenti della geografia,competenza,biennio,Leggere e interpretare dati geografici,Trattare dati e fenomeni.,analizzare,digitale,LA|LC|LES|LL|LMC|LMI|LS|LSA|LSS|LSU,A-11|A-13,
GEO.COM.AMB.01,GEO,Geografia / Geostoria,Ambiente e sostenibilita',competenza,biennio,Comprendere l'interdipendenza uomo-ambiente,Relazioni societa'-ambiente.,comprendere,cittadinanza,LA|LC|LES|LL|LMC|LMI|LS|LSA|LSS|LSU,A-11|A-13,
GEO.COM.ECO.01,GEO,Geografia / Geostoria,Geografia economica e geopolitica,competenza,biennio,Analizzare in chiave geo-storica,Temi del presente integrando geografia e storia.,analizzare,cittadinanza,LA|LC|LES|LL|LMC|LMI|LS|LSA|LSS|LSU,A-11|A-13,
GEO.COM.AMB.02,GEO,Geografia / Geostoria,Ambiente e sostenibilita',competenza,biennio,Sviluppare consapevolezza ambientale,Agire secondo l'Agenda 2030.,valutare,cittadinanza,LA|LC|LES|LL|LMC|LMI|LS|LSA|LSS|LSU,A-11|A-13,
GEO.COM.ECO.02,GEO,Geografia / Geostoria,Geografia economica e geopolitica,competenza,biennio,Analizzare scenari geopolitici complessi,Lettura critica di scenari.,analizzare,cittadinanza,LA|LC|LES|LL|LMC|LMI|LS|LSA|LSS|LSU,A-11|A-13,
GEO.COM.STRU.03,GEO,Geografia / Geostoria,Strumenti della geografia,competenza,biennio,Integrare prospettiva geografica e storica,Unire le due prospettive.,analizzare,cittadinanza,LA|LC|LES|LL|LMC|LMI|LS|LSA|LSS|LSU,A-11|A-13,
GEO.COM.ECO.03,GEO,Geografia / Geostoria,Geografia economica e geopolitica,competenza,biennio,Argomentare problemi territoriali e ambientali,Tesi su base documentaria.,creare,cittadinanza,LA|LC|LES|LL|LMC|LMI|LS|LSA|LSS|LSU,A-11|A-13,
FIL.CON.STOF.01,FIL,Filosofia,Storia della filosofia,conoscenza,triennio,I presocratici e la nascita della filosofia,Dal mito al logos; i fisici naturalisti.,,consapevolezza_espressione_culturali,LA|LC|LES|LL|LMC|LMI|LS|LSA|LSS|LSU,A-18|A-19,
FIL.CON.STOF.02,FIL,Filosofia,Storia della filosofia,conoscenza,triennio,I sofisti e Socrate,"Relativismo, maieutica, ricerca etica.",,consapevolezza_espressione_culturali,LA|LC|LES|LL|LMC|LMI|LS|LSA|LSS|LSU,A-18|A-19,Socrate
FIL.CON.STOF.03,FIL,Filosofia,Storia della filosofia,conoscenza,triennio,Platone,"Teoria delle idee, anima, Stato.",,consapevolezza_espressione_culturali,LA|LC|LES|LL|LMC|LMI|LS|LSA|LSS|LSU,A-18|A-19,Platone
FIL.CON.STOF.04,FIL,Filosofia,Storia della filosofia,conoscenza,triennio,Aristotele,"Metafisica, logica, etica, politica.",,consapevolezza_espressione_culturali,LA|LC|LES|LL|LMC|LMI|LS|LSA|LSS|LSU,A-18|A-19,Aristotele
FIL.CON.STOF.05,FIL,Filosofia,Storia della filosofia,conoscenza,triennio,Eta' ellenistica e pensiero tardo-antico,"Stoicismo, epicureismo, neoplatonismo.",,consapevolezza_espressione_culturali,LA|LC|LES|LL|LMC|LMI|LS|LSA|LSS|LSU,A-18|A-19,
FIL.CON.STOF.06,FIL,Filosofia,Storia della filosofia,conoscenza,triennio,La filosofia medievale,Patristica e Scolastica; Agostino e Tommaso.,,consapevolezza_espressione_culturali,LA|LC|LES|LL|LMC|LMI|LS|LSA|LSS|LSU,A-18|A-19,Agostino|Tommaso
FIL.CON.STOF.07,FIL,Filosofia,Storia della filosofia,conoscenza,triennio,Umanesimo e rivoluzione scientifica,"Nuova immagine del mondo; Galileo, Bacone.",,consapevolezza_espressione_culturali,LA|LC|LES|LL|LMC|LMI|LS|LSA|LSS|LSU,A-18|A-19,Galileo
FIL.CON.STOF.08,FIL,Filosofia,Storia della filosofia,conoscenza,triennio,Razionalismo ed empirismo,"Cartesio, Spinoza, Leibniz; Locke, Hume.",,consapevolezza_espressione_culturali,LA|LC|LES|LL|LMC|LMI|LS|LSA|LSS|LSU,A-18|A-19,Cartesio|Hume
FIL.CON.STOF.09,FIL,Filosofia,Storia della filosofia,conoscenza,triennio,Kant e il criticismo,Le tre Critiche.,,consapevolezza_espressione_culturali,LA|LC|LES|LL|LMC|LMI|LS|LSA|LSS|LSU,A-18|A-19,Kant
FIL.CON.STOF.10,FIL,Filosofia,Storia della filosofia,conoscenza,triennio,L'idealismo tedesco,"Fichte, Schelling, Hegel.",,consapevolezza_espressione_culturali,LA|LC|LES|LL|LMC|LMI|LS|LSA|LSS|LSU,A-18|A-19,Hegel
FIL.CON.STOF.11,FIL,Filosofia,Storia della filosofia,conoscenza,triennio,Schopenhauer e Kierkegaard,"Volonta', esistenza, angoscia.",,consapevolezza_espressione_culturali,LA|LC|LES|LL|LMC|LMI|LS|LSA|LSS|LSU,A-18|A-19,Schopenhauer|Kierkegaard
FIL.CON.STOF.12,FIL,Filosofia,Storia della filosofia,conoscenza,triennio,Marx e il materialismo storico,Critica dell'economia e della societa'.,,consapevolezza_espressione_culturali,LA|LC|LES|LL|LMC|LMI|LS|LSA|LSS|LSU,A-18|A-19,Marx
FIL.CON.STOF.13,FIL,Filosofia,Storia della filosofia,conoscenza,triennio,Il positivismo,Comte e la fiducia nella scienza.,,consapevolezza_espressione_culturali,LA|LC|LES|LL|LMC|LMI|LS|LSA|LSS|LSU,A-18|A-19,Comte
FIL.CON.STOF.14,FIL,Filosofia,Storia della filosofia,conoscenza,triennio,Nietzsche,Critica della morale; oltreuomo.,,consapevolezza_espressione_culturali,LA|LC|LES|LL|LMC|LMI|LS|LSA|LSS|LSU,A-18|A-19,Nietzsche
FIL.CON.STOF.15,FIL,Filosofia,Storia della filosofia,conoscenza,triennio,Freud e la psicoanalisi,Inconscio e struttura della psiche.,,consapevolezza_espressione_culturali,LA|LC|LES|LL|LMC|LMI|LS|LSA|LSS|LSU,A-18|A-19,Freud
FIL.CON.STOF.16,FIL,Filosofia,Storia della filosofia,conoscenza,triennio,Fenomenologia ed esistenzialismo,"Husserl, Heidegger, Sartre.",,consapevolezza_espressione_culturali,LA|LC|LES|LL|LMC|LMI|LS|LSA|LSS|LSU,A-18|A-19,Heidegger
FIL.CON.STOF.17,FIL,Filosofia,Storia della filosofia,conoscenza,triennio,La filosofia del Novecento,Linea analitica e continentale; epistemologia.,,consapevolezza_espressione_culturali,LA|LC|LES|LL|LMC|LMI|LS|LSA|LSS|LSU,A-18|A-19,
FIL.CON.TEMI.01,FIL,Filosofia,Aree e problemi,conoscenza,triennio,Metafisica e ontologia,Domanda sull'essere e sulla realta'.,,consapevolezza_espressione_culturali,LA|LC|LES|LL|LMC|LMI|LS|LSA|LSS|LSU,A-18|A-19,
FIL.CON.TEMI.02,FIL,Filosofia,Aree e problemi,conoscenza,triennio,Gnoseologia ed epistemologia,Conoscenza e statuto del sapere scientifico.,,consapevolezza_espressione_culturali,LA|LC|LES|LL|LMC|LMI|LS|LSA|LSS|LSU,A-18|A-19,
FIL.CON.TEMI.03,FIL,Filosofia,Aree e problemi,conoscenza,triennio,Etica,Fondamenti e teorie dell'agire morale.,,consapevolezza_espressione_culturali,LA|LC|LES|LL|LMC|LMI|LS|LSA|LSS|LSU,A-18|A-19,
FIL.CON.TEMI.04,FIL,Filosofia,Aree e problemi,conoscenza,triennio,Filosofia politica,"Potere, giustizia, Stato, liberta'.",,consapevolezza_espressione_culturali,LA|LC|LES|LL|LMC|LMI|LS|LSA|LSS|LSU,A-18|A-19,
FIL.CON.TEMI.05,FIL,Filosofia,Aree e problemi,conoscenza,triennio,Estetica e logica,Il bello e l'arte; forme del ragionamento.,,consapevolezza_espressione_culturali,LA|LC|LES|LL|LMC|LMI|LS|LSA|LSS|LSU,A-18|A-19,
FIL.CON.TEST.01,FIL,Filosofia,Testo e lessico filosofico,conoscenza,triennio,Lessico filosofico e lettura del testo,Termini chiave e analisi del testo filosofico.,,alfabetica_funzionale,LA|LC|LES|LL|LMC|LMI|LS|LSA|LSS|LSU,A-18|A-19,
FIL.COM.STOF.01,FIL,Filosofia,Storia della filosofia,competenza,triennio,Ricostruire il pensiero di un autore,Nessi interni e sviluppo del sistema.,analizzare,consapevolezza_espressione_culturali,LA|LC|LES|LL|LMC|LMI|LS|LSA|LSS|LSU,A-18|A-19,
FIL.COM.TEST.01,FIL,Filosofia,Testo e lessico filosofico,competenza,triennio,Analizzare e interpretare un testo filosofico,"Comprendere tesi, argomenti, concetti.",analizzare,alfabetica_funzionale,LA|LC|LES|LL|LMC|LMI|LS|LSA|LSS|LSU,A-18|A-19,
FIL.COM.TEST.02,FIL,Filosofia,Testo e lessico filosofico,competenza,triennio,Padroneggiare il lessico filosofico,Usare con precisione i termini.,applicare,alfabetica_funzionale,LA|LC|LES|LL|LMC|LMI|LS|LSA|LSS|LSU,A-18|A-19,
FIL.COM.TEMI.01,FIL,Filosofia,Aree e problemi,competenza,triennio,Confrontare tesi e prospettive,Comparare posizioni filosofiche diverse.,valutare,consapevolezza_espressione_culturali,LA|LC|LES|LL|LMC|LMI|LS|LSA|LSS|LSU,A-18|A-19,
FIL.COM.TEMI.02,FIL,Filosofia,Aree e problemi,competenza,triennio,Argomentare in forma rigorosa,Costruire ragionamenti logicamente fondati.,creare,alfabetica_funzionale,LA|LC|LES|LL|LMC|LMI|LS|LSA|LSS|LSU,A-18|A-19,
FIL.COM.TEMI.03,FIL,Filosofia,Aree e problemi,competenza,triennio,Problematizzare e attualizzare,Cogliere la rilevanza presente delle questioni.,valutare,cittadinanza,LA|LC|LES|LL|LMC|LMI|LS|LSA|LSS|LSU,A-18|A-19,
FIL.COM.STOF.02,FIL,Filosofia,Storia della filosofia,competenza,triennio,Collegare filosofia e altri saperi,"Rapporti con scienza, arte, storia.",analizzare,consapevolezza_espressione_culturali,LA|LC|LES|LL|LMC|LMI|LS|LSA|LSS|LSU,A-18|A-19,
SCU.CON.PSI.01,SCU,Scienze umane,Psicologia,conoscenza,biennio,La psicologia come scienza,"Oggetto, metodi, scuole.",,personale_sociale_imparare,LES|LSU,A-18,
SCU.CON.PSI.02,SCU,Scienze umane,Psicologia,conoscenza,biennio,Processi cognitivi,"Percezione, memoria, apprendimento, pensiero.",,personale_sociale_imparare,LES|LSU,A-18,
SCU.CON.PSI.03,SCU,Scienze umane,Psicologia,conoscenza,biennio,"Emozioni, motivazione, personalita'",Dimensioni affettive e relazionali.,,personale_sociale_imparare,LES|LSU,A-18,
SCU.CON.PED.01,SCU,Scienze umane,Pedagogia,conoscenza,biennio,Storia dell'educazione (antichita'-medioevo),Modelli educativi antichi e medievali.,,consapevolezza_espressione_culturali,LES|LSU,A-18,
SCU.CON.PED.02,SCU,Scienze umane,Pedagogia,conoscenza,triennio,Storia della pedagogia (eta' moderna-Novecento),Dalle scuole moderne all'attivismo e oltre.,,consapevolezza_espressione_culturali,LES|LSU,A-18,Rousseau|Dewey|Montessori
SCU.CON.PED.03,SCU,Scienze umane,Pedagogia,conoscenza,triennio,Istituzioni e sistemi educativi,"Scuola, formazione, politiche educative.",,cittadinanza,LES|LSU,A-18,
SCU.CON.SOC.01,SCU,Scienze umane,Sociologia,conoscenza,triennio,Nascita e teorie della sociologia,"Comte, Durkheim, Weber, Marx.",,cittadinanza,LES|LSU,A-18,Durkheim|Weber
SCU.CON.SOC.02,SCU,Scienze umane,Sociologia,conoscenza,triennio,Istituzioni e processi sociali,"Socializzazione, devianza, stratificazione.",,cittadinanza,LES|LSU,A-18,
SCU.CON.SOC.03,SCU,Scienze umane,Sociologia,conoscenza,triennio,Globalizzazione e societa' contemporanea,Trasformazioni sociali del presente.,,cittadinanza,LES|LSU,A-18,
SCU.CON.ANT.01,SCU,Scienze umane,Antropologia,conoscenza,triennio,Antropologia culturale,"Cultura, riti, parentela, simboli.",,consapevolezza_espressione_culturali,LES|LSU,A-18,
SCU.CON.ANT.02,SCU,Scienze umane,Antropologia,conoscenza,triennio,Le grandi teorie antropologiche,"Evoluzionismo, funzionalismo, strutturalismo.",,consapevolezza_espressione_culturali,LES|LSU,A-18,
SCU.CON.MET.01,SCU,Scienze umane,Metodologia della ricerca,conoscenza,triennio,Metodologia della ricerca,Approcci quantitativi e qualitativi; strumenti.,,matematica_stem,LES|LSU,A-18,
SCU.COM.PSI.01,SCU,Scienze umane,Psicologia,competenza,biennio,Comprendere i fenomeni psichici con metodo scientifico,Lettura scientifica dei processi mentali.,comprendere,personale_sociale_imparare,LES|LSU,A-18,
SCU.COM.MET.01,SCU,Scienze umane,Metodologia della ricerca,competenza,triennio,Analizzare testi e fonti delle scienze umane,Trattare fonti teoriche ed empiriche.,analizzare,alfabetica_funzionale,LES|LSU,A-18,
SCU.COM.SOC.01,SCU,Scienze umane,Sociologia,competenza,triennio,Confrontare modelli teorici,Comparare approcci e paradigmi.,valutare,cittadinanza,LES|LSU,A-18,
SCU.COM.MET.02,SCU,Scienze umane,Metodologia della ricerca,competenza,triennio,Leggere e progettare una ricerca empirica,Impostare e interpretare una ricerca di base.,creare,matematica_stem,LES|LSU,A-18,
SCU.COM.ANT.01,SCU,Scienze umane,Antropologia,competenza,triennio,Cogliere la dimensione interculturale,Riconoscere pluralita' e relativismo culturale.,valutare,cittadinanza,LES|LSU,A-18,
SCU.COM.SOC.02,SCU,Scienze umane,Sociologia,competenza,triennio,Collegare scienze umane e realta' contemporanea,Leggere il presente con strumenti delle scienze umane.,valutare,cittadinanza,LES|LSU,A-18,
DIR.CON.DIR.01,DIR,Diritto ed economia,Diritto,conoscenza,biennio,La norma giuridica e le fonti del diritto,Caratteri della norma e gerarchia delle fonti.,,cittadinanza,LES,A-46,
DIR.CON.DIR.02,DIR,Diritto ed economia,Diritto,conoscenza,biennio,I soggetti del diritto,Persone fisiche e giuridiche; capacita'.,,cittadinanza,LES,A-46,
DIR.CON.DIR.03,DIR,Diritto ed economia,Diritto,conoscenza,biennio,La Costituzione: principi fondamentali,Valori e struttura della Costituzione.,,cittadinanza,LES,A-46,Costituzione
DIR.CON.ECO.01,DIR,Diritto ed economia,Economia,conoscenza,biennio,"Bisogni, beni e sistema economico",Concetti economici di base.,,cittadinanza,LES,A-46,
DIR.CON.ECO.02,DIR,Diritto ed economia,Economia,conoscenza,biennio,Il mercato,"Domanda, offerta, prezzo, forme di mercato.",,cittadinanza,LES,A-46,
DIR.CON.DIR.04,DIR,Diritto ed economia,Diritto,conoscenza,triennio,Diritto pubblico e organi dello Stato,"Parlamento, Governo, Presidente, Magistratura.",,cittadinanza,LES|LMI|LSS,A-46,
DIR.CON.DIR.05,DIR,Diritto ed economia,Diritto,conoscenza,triennio,UE e ordinamento internazionale,Istituzioni europee e diritto internazionale.,,cittadinanza,LES|LMI|LSS,A-46,
DIR.CON.ECO.03,DIR,Diritto ed economia,Economia,conoscenza,triennio,Macroeconomia,"PIL, inflazione, occupazione, moneta.",,cittadinanza,LES|LMI|LSS,A-46,
DIR.CON.ECO.04,DIR,Diritto ed economia,Economia,conoscenza,triennio,Politica economica e sistemi economici,Intervento pubblico e modelli economici.,,cittadinanza,LES|LMI|LSS,A-46,
DIR.CON.ECO.05,DIR,Diritto ed economia,Economia,conoscenza,triennio,Globalizzazione economica,Mercati globali e interdipendenza.,,cittadinanza,LES|LMI|LSS,A-46,
DIR.COM.DIR.01,DIR,Diritto ed economia,Diritto,competenza,biennio,Riconoscere e applicare categorie giuridiche,Usare i concetti giuridici di base.,applicare,cittadinanza,LES,A-46,
DIR.COM.DIR.02,DIR,Diritto ed economia,Diritto,competenza,triennio,Interpretare norme e testi giuridici,Leggere la Costituzione e le norme.,analizzare,cittadinanza,LES|LMI|LSS,A-46,
DIR.COM.ECO.01,DIR,Diritto ed economia,Economia,competenza,triennio,Analizzare fenomeni economici,Usare strumenti economici appropriati.,analizzare,cittadinanza,LES|LMI|LSS,A-46,
DIR.COM.DIR.03,DIR,Diritto ed economia,Diritto,competenza,triennio,"Collegare diritto, economia e societa'",Lettura integrata dei fenomeni.,valutare,cittadinanza,LES|LMI|LSS,A-46,
DIR.COM.DIR.04,DIR,Diritto ed economia,Diritto,competenza,triennio,Esercitare cittadinanza giuridico-economica,Partecipazione consapevole.,valutare,cittadinanza,LES|LMI|LSS,A-46,
LIN.CON.LING.01,LIN,Lingua e cultura straniera,Competenza linguistica,conoscenza,biennio,Strutture morfosintattiche (A1-B1),Grammatica progressiva della lingua.,,multilinguistica,LA|LC|LES|LL|LMC|LMI|LS|LSA|LSS|LSU,A-24,
LIN.CON.LING.02,LIN,Lingua e cultura straniera,Competenza linguistica,conoscenza,biennio,Fonetica e pronuncia,Sistema fonologico e intonazione.,,multilinguistica,LA|LC|LES|LL|LMC|LMI|LS|LSA|LSS|LSU,A-24,
LIN.CON.LING.03,LIN,Lingua e cultura straniera,Competenza linguistica,conoscenza,biennio,Lessico per aree tematiche,Vocabolario d'uso e tematico.,,multilinguistica,LA|LC|LES|LL|LMC|LMI|LS|LSA|LSS|LSU,A-24,
LIN.CON.LING.04,LIN,Lingua e cultura straniera,Competenza linguistica,conoscenza,triennio,Strutture avanzate (B2-C1),Grammatica e registri avanzati.,,multilinguistica,LA|LC|LES|LL|LMC|LMI|LS|LSA|LSS|LSU,A-24,
LIN.CON.CULT.01,LIN,Lingua e cultura straniera,Cultura e civilta',conoscenza,biennio,Civilta' e cultura dei paesi della lingua,Aspetti culturali e sociali.,,consapevolezza_espressione_culturali,LA|LC|LES|LL|LMC|LMI|LS|LSA|LSS|LSU,A-24,
LIN.CON.LETT.01,LIN,Lingua e cultura straniera,Letteratura,conoscenza,triennio,Letteratura straniera: generi e movimenti,Quadro storico-letterario.,,consapevolezza_espressione_culturali,LA|LC|LES|LL|LMC|LMI|LS|LSA|LSS|LSU,A-24,
LIN.CON.LETT.02,LIN,Lingua e cultura straniera,Letteratura,conoscenza,triennio,Autori e opere principali,Testi rappresentativi della tradizione.,,consapevolezza_espressione_culturali,LA|LC|LES|LL|LMC|LMI|LS|LSA|LSS|LSU,A-24,
LIN.COM.RICE.01,LIN,Lingua e cultura straniera,Ricezione (ascolto e lettura),competenza,biennio,Comprensione orale (ascolto),Capire messaggi orali (QCER).,comprendere,multilinguistica,LA|LC|LES|LL|LMC|LMI|LS|LSA|LSS|LSU,A-24,
LIN.COM.RICE.02,LIN,Lingua e cultura straniera,Ricezione (ascolto e lettura),competenza,biennio,Comprensione scritta (lettura),Capire testi scritti (QCER).,comprendere,multilinguistica,LA|LC|LES|LL|LMC|LMI|LS|LSA|LSS|LSU,A-24,
LIN.COM.PROD.01,LIN,Lingua e cultura straniera,Produzione e interazione,competenza,biennio,Produzione orale e interazione,Comunicare e interagire oralmente.,applicare,multilinguistica,LA|LC|LES|LL|LMC|LMI|LS|LSA|LSS|LSU,A-24,
LIN.COM.PROD.02,LIN,Lingua e cultura straniera,Produzione e interazione,competenza,biennio,Produzione scritta,Scrivere testi per scopi diversi.,creare,multilinguistica,LA|LC|LES|LL|LMC|LMI|LS|LSA|LSS|LSU,A-24,
LIN.COM.PROD.03,LIN,Lingua e cultura straniera,Produzione e interazione,competenza,triennio,Mediazione linguistica,Riformulare e trasferire significati tra lingue.,applicare,multilinguistica,LA|LC|LES|LL|LMC|LMI|LS|LSA|LSS|LSU,A-24,
LIN.COM.LETT.01,LIN,Lingua e cultura straniera,Letteratura,competenza,triennio,Analizzare testi letterari nella L2,Comprendere e interpretare testi d'autore.,analizzare,consapevolezza_espressione_culturali,LA|LC|LES|LL|LMC|LMI|LS|LSA|LSS|LSU,A-24,
LIN.COM.LING.01,LIN,Lingua e cultura straniera,Competenza linguistica,competenza,triennio,Riflettere sulla lingua e confrontare con la L1,Consapevolezza metalinguistica e comparazione.,analizzare,multilinguistica,LA|LC|LES|LL|LMC|LMI|LS|LSA|LSS|LSU,A-24,
MAT.CON.ALG.01,MAT,Matematica,Aritmetica e algebra,conoscenza,biennio,Insiemi e numeri,Insiemi numerici e operazioni.,,matematica_stem,LA|LC|LES|LL|LMC|LMI|LS|LSA|LSS|LSU,A-27,
MAT.CON.ALG.02,MAT,Matematica,Aritmetica e algebra,conoscenza,biennio,Calcolo letterale,"Monomi, polinomi, scomposizioni.",,matematica_stem,LA|LC|LES|LL|LMC|LMI|LS|LSA|LSS|LSU,A-27,
MAT.CON.ALG.03,MAT,Matematica,Aritmetica e algebra,conoscenza,biennio,Equazioni e disequazioni,Primo e secondo grado.,,matematica_stem,LA|LC|LES|LL|LMC|LMI|LS|LSA|LSS|LSU,A-27,
MAT.CON.GEO.01,MAT,Matematica,Geometria,conoscenza,biennio,Geometria euclidea,"Congruenza, similitudine, teoremi.",,matematica_stem,LA|LC|LES|LL|LMC|LMI|LS|LSA|LSS|LSU,A-27,
MAT.CON.FUN.01,MAT,Matematica,Relazioni e funzioni,conoscenza,biennio,Piano cartesiano e retta,Geometria analitica di base.,,matematica_stem,LA|LC|LES|LL|LMC|LMI|LS|LSA|LSS|LSU,A-27,
MAT.CON.PROB.01,MAT,Matematica,Dati e previsioni,conoscenza,biennio,Statistica descrittiva,"Dati, indici, rappresentazioni.",,matematica_stem,LA|LC|LES|LL|LMC|LMI|LS|LSA|LSS|LSU,A-27,
MAT.CON.FUN.02,MAT,Matematica,Relazioni e funzioni,conoscenza,triennio,Funzioni,"Dominio, grafico, proprieta'.",,matematica_stem,LA|LC|LES|LL|LMC|LMI|LS|LSA|LSS|LSU,A-27,
MAT.CON.FUN.03,MAT,Matematica,Relazioni e funzioni,conoscenza,triennio,Goniometria e trigonometria,Funzioni circolari e teoremi.,,matematica_stem,LA|LC|LES|LL|LMC|LMI|LS|LSA|LSS|LSU,A-27,
MAT.CON.FUN.04,MAT,Matematica,Relazioni e funzioni,conoscenza,triennio,Esponenziali e logaritmi,Funzioni ed equazioni relative.,,matematica_stem,LA|LC|LES|LL|LMC|LMI|LS|LSA|LSS|LSU,A-27,
MAT.CON.ANA.01,MAT,Matematica,Analisi,conoscenza,triennio,Limiti e continuita',Concetto di limite e funzioni continue.,,matematica_stem,LA|LC|LES|LL|LMC|LMI|LS|LSA|LSS|LSU,A-27,
MAT.CON.ANA.02,MAT,Matematica,Analisi,conoscenza,triennio,Derivate e studio di funzione,Calcolo differenziale.,,matematica_stem,LA|LC|LES|LL|LMC|LMI|LS|LSA|LSS|LSU,A-27,
MAT.CON.ANA.03,MAT,Matematica,Analisi,conoscenza,triennio,Integrali,Calcolo integrale (cenni/triennio).,,matematica_stem,LA|LC|LES|LL|LMC|LMI|LS|LSA|LSS|LSU,A-27,
MAT.CON.PROB.02,MAT,Matematica,Dati e previsioni,conoscenza,triennio,Probabilita',"Eventi, calcolo delle probabilita'.",,matematica_stem,LA|LC|LES|LL|LMC|LMI|LS|LSA|LSS|LSU,A-27,
MAT.COM.ALG.01,MAT,Matematica,Aritmetica e algebra,competenza,biennio,Utilizzare tecniche e procedure di calcolo,Operare con consapevolezza.,applicare,matematica_stem,LA|LC|LES|LL|LMC|LMI|LS|LSA|LSS|LSU,A-27,
MAT.COM.GEO.01,MAT,Matematica,Geometria,competenza,biennio,Analizzare figure geometriche,Confrontare e classificare figure.,analizzare,matematica_stem,LA|LC|LES|LL|LMC|LMI|LS|LSA|LSS|LSU,A-27,
MAT.COM.ANA.01,MAT,Matematica,Analisi,competenza,triennio,Risolvere problemi,Individuare strategie risolutive.,applicare,matematica_stem,LA|LC|LES|LL|LMC|LMI|LS|LSA|LSS|LSU,A-27,
MAT.COM.PROB.01,MAT,Matematica,Dati e previsioni,competenza,triennio,Analizzare e interpretare dati,Trattare dati e incertezza.,analizzare,matematica_stem,LA|LC|LES|LL|LMC|LMI|LS|LSA|LSS|LSU,A-27,
MAT.COM.ANA.02,MAT,Matematica,Analisi,competenza,triennio,Costruire e validare argomentazioni,Dimostrare e giustificare.,valutare,matematica_stem,LA|LC|LES|LL|LMC|LMI|LS|LSA|LSS|LSU,A-27,
MAT.COM.FUN.01,MAT,Matematica,Relazioni e funzioni,competenza,triennio,Modellizzare situazioni reali,Tradurre problemi in modelli matematici.,creare,matematica_stem,LA|LC|LES|LL|LMC|LMI|LS|LSA|LSS|LSU,A-27,
FIS.CON.MET.01,FIS,Fisica,Metodo sperimentale,conoscenza,biennio,Grandezze e misure,"Sistema di misura, errori, incertezze.",,matematica_stem,LS|LSA|LSS,A-27,
FIS.CON.MEC.01,FIS,Fisica,Meccanica,conoscenza,biennio,Cinematica,"Moto, velocita', accelerazione.",,matematica_stem,LS|LSA|LSS,A-27,
FIS.CON.MEC.02,FIS,Fisica,Meccanica,conoscenza,biennio,Dinamica e statica,Leggi di Newton; equilibrio.,,matematica_stem,LS|LSA|LSS,A-27,
FIS.CON.OND.01,FIS,Fisica,Onde e ottica,conoscenza,biennio,Ottica geometrica,"Riflessione, rifrazione, lenti.",,matematica_stem,LS|LSA|LSS,A-27,
FIS.CON.TER.01,FIS,Fisica,Termodinamica,conoscenza,triennio,Termodinamica,"Calore, temperatura, principi.",,matematica_stem,LA|LC|LES|LL|LMC|LMI|LS|LSA|LSS|LSU,A-27,
FIS.CON.ELM.01,FIS,Fisica,Elettromagnetismo,conoscenza,triennio,Campo elettrico,"Carica, campo, potenziale.",,matematica_stem,LA|LC|LES|LL|LMC|LMI|LS|LSA|LSS|LSU,A-27,
FIS.CON.ELM.02,FIS,Fisica,Elettromagnetismo,conoscenza,triennio,Campo magnetico ed elettromagnetismo,"Correnti, induzione, equazioni di Maxwell.",,matematica_stem,LA|LC|LES|LL|LMC|LMI|LS|LSA|LSS|LSU,A-27,
FIS.CON.OND.02,FIS,Fisica,Onde e ottica,conoscenza,triennio,Onde,Onde meccaniche ed elettromagnetiche.,,matematica_stem,LA|LC|LES|LL|LMC|LMI|LS|LSA|LSS|LSU,A-27,
FIS.CON.MOD.01,FIS,Fisica,Fisica moderna,conoscenza,triennio,Relativita' e fisica quantistica,Elementi di fisica moderna.,,matematica_stem,LA|LC|LES|LL|LMC|LMI|LS|LSA|LSS|LSU,A-27,
FIS.COM.MET.01,FIS,Fisica,Metodo sperimentale,competenza,biennio,Osservare e descrivere fenomeni,Descrizione qualitativa e quantitativa.,comprendere,matematica_stem,LS|LSA|LSS,A-27,
FIS.COM.MET.02,FIS,Fisica,Metodo sperimentale,competenza,biennio,Progettare esperimenti e trattare dati,Misurare e gestire le incertezze.,applicare,matematica_stem,LS|LSA|LSS,A-27,
FIS.COM.MEC.01,FIS,Fisica,Meccanica,competenza,triennio,Formalizzare leggi e usare modelli,Tradurre fenomeni in leggi.,analizzare,matematica_stem,LA|LC|LES|LL|LMC|LMI|LS|LSA|LSS|LSU,A-27,
FIS.COM.MEC.02,FIS,Fisica,Meccanica,competenza,triennio,Risolvere problemi di fisica,Applicare le leggi alla soluzione.,applicare,matematica_stem,LA|LC|LES|LL|LMC|LMI|LS|LSA|LSS|LSU,A-27,
FIS.COM.ELM.01,FIS,Fisica,Elettromagnetismo,competenza,triennio,"Collegare fisica, matematica e tecnologia",Integrare i saperi STEM.,valutare,matematica_stem,LA|LC|LES|LL|LMC|LMI|LS|LSA|LSS|LSU,A-27,
SCN.CON.CHI.01,SCN,"Scienze naturali (biologia, chimica, sc. della Terra)",Chimica,conoscenza,biennio,La materia e l'atomo,Struttura della materia; modelli atomici.,,matematica_stem,LA|LC|LES|LL|LMC|LMI|LS|LSA|LSS|LSU,A-50,
SCN.CON.CHI.02,SCN,"Scienze naturali (biologia, chimica, sc. della Terra)",Chimica,conoscenza,biennio,Legami e reazioni chimiche,"Legami, nomenclatura, reazioni.",,matematica_stem,LA|LC|LES|LL|LMC|LMI|LS|LSA|LSS|LSU,A-50,
SCN.CON.BIO.01,SCN,"Scienze naturali (biologia, chimica, sc. della Terra)",Biologia,conoscenza,biennio,La cellula e i viventi,Struttura cellulare; caratteristiche dei viventi.,,matematica_stem,LA|LC|LES|LL|LMC|LMI|LS|LSA|LSS|LSU,A-50,
SCN.CON.STE.01,SCN,"Scienze naturali (biologia, chimica, sc. della Terra)",Scienze della Terra,conoscenza,biennio,Il sistema Terra,"Litosfera, idrosfera, atmosfera; sistema solare.",,matematica_stem,LA|LC|LES|LL|LMC|LMI|LS|LSA|LSS|LSU,A-50,
SCN.CON.CHI.03,SCN,"Scienze naturali (biologia, chimica, sc. della Terra)",Chimica,conoscenza,triennio,Chimica organica e biochimica,Composti del carbonio e biomolecole.,,matematica_stem,LA|LC|LL|LMC|LMI|LS|LSA|LSS|LSU,A-50,
SCN.CON.BIO.02,SCN,"Scienze naturali (biologia, chimica, sc. della Terra)",Biologia,conoscenza,triennio,Genetica e biologia molecolare,"DNA, ereditarieta', espressione genica.",,matematica_stem,LA|LC|LL|LMC|LMI|LS|LSA|LSS|LSU,A-50,
SCN.CON.BIO.03,SCN,"Scienze naturali (biologia, chimica, sc. della Terra)",Biologia,conoscenza,triennio,Evoluzione,Teoria evolutiva e biodiversita'.,,matematica_stem,LA|LC|LL|LMC|LMI|LS|LSA|LSS|LSU,A-50,
SCN.CON.STE.02,SCN,"Scienze naturali (biologia, chimica, sc. della Terra)",Scienze della Terra,conoscenza,triennio,Geologia e tettonica,Dinamica interna della Terra.,,matematica_stem,LA|LC|LL|LMC|LMI|LS|LSA|LSS|LSU,A-50,
SCN.CON.STE.03,SCN,"Scienze naturali (biologia, chimica, sc. della Terra)",Scienze della Terra,conoscenza,triennio,Scienze ambientali e sostenibilita',"Ecosistemi, risorse, cambiamenti globali.",,cittadinanza,LA|LC|LL|LMC|LMI|LS|LSA|LSS|LSU,A-50,
SCN.COM.MET.01,SCN,"Scienze naturali (biologia, chimica, sc. della Terra)",Metodo scientifico,competenza,biennio,"Osservare, descrivere, classificare",Approccio osservativo ai fenomeni.,comprendere,matematica_stem,LA|LC|LES|LL|LMC|LMI|LS|LSA|LSS|LSU,A-50,
SCN.COM.MET.02,SCN,"Scienze naturali (biologia, chimica, sc. della Terra)",Metodo scientifico,competenza,biennio,Applicare il metodo scientifico,"Ipotesi, esperimento, verifica.",applicare,matematica_stem,LA|LC|LES|LL|LMC|LMI|LS|LSA|LSS|LSU,A-50,
SCN.COM.MET.03,SCN,"Scienze naturali (biologia, chimica, sc. della Terra)",Metodo scientifico,competenza,triennio,Interpretare dati sperimentali,Analizzare ed elaborare dati.,analizzare,matematica_stem,LA|LC|LL|LMC|LMI|LS|LSA|LSS|LSU,A-50,
SCN.COM.BIO.01,SCN,"Scienze naturali (biologia, chimica, sc. della Terra)",Biologia,competenza,triennio,Collegare scala micro e macro,Relazioni tra livelli di organizzazione.,analizzare,matematica_stem,LA|LC|LL|LMC|LMI|LS|LSA|LSS|LSU,A-50,
SCN.COM.STE.01,SCN,"Scienze naturali (biologia, chimica, sc. della Terra)",Scienze della Terra,competenza,triennio,Sviluppare consapevolezza ambientale,Sostenibilita' e responsabilita'.,valutare,cittadinanza,LA|LC|LL|LMC|LMI|LS|LSA|LSS|LSU,A-50,
ART.CON.STA.01,ART,Storia dell'arte,Storia dell'arte per epoche,conoscenza,triennio,Arte antica,Arte greca e romana.,,consapevolezza_espressione_culturali,LA|LC|LES|LL|LMC|LMI|LSU,A-54,
ART.CON.STA.02,ART,Storia dell'arte,Storia dell'arte per epoche,conoscenza,triennio,Paleocristiano e medievale,"Romanico, gotico, mosaici.",,consapevolezza_espressione_culturali,LA|LC|LES|LL|LMC|LMI|LSU,A-54,
ART.CON.STA.03,ART,Storia dell'arte,Storia dell'arte per epoche,conoscenza,triennio,Il Rinascimento,Quattrocento e Cinquecento.,,consapevolezza_espressione_culturali,LA|LC|LES|LL|LMC|LMI|LSU,A-54,Leonardo|Raffaello
ART.CON.STA.04,ART,Storia dell'arte,Storia dell'arte per epoche,conoscenza,triennio,Il Barocco,Seicento e linguaggio barocco.,,consapevolezza_espressione_culturali,LA|LC|LES|LL|LMC|LMI|LSU,A-54,Caravaggio|Bernini
ART.CON.STA.05,ART,Storia dell'arte,Storia dell'arte per epoche,conoscenza,triennio,Neoclassicismo e Romanticismo,Tra Sette e Ottocento.,,consapevolezza_espressione_culturali,LA|LC|LES|LL|LMC|LMI|LSU,A-54,
ART.CON.STA.06,ART,Storia dell'arte,Storia dell'arte per epoche,conoscenza,triennio,L'Ottocento e l'Impressionismo,Realismo e Impressionismo.,,consapevolezza_espressione_culturali,LA|LC|LES|LL|LMC|LMI|LSU,A-54,
ART.CON.STA.07,ART,Storia dell'arte,Storia dell'arte per epoche,conoscenza,triennio,Le avanguardie del Novecento,"Cubismo, Futurismo, Espressionismo, Astrattismo.",,consapevolezza_espressione_culturali,LA|LC|LES|LL|LMC|LMI|LSU,A-54,
ART.CON.STA.08,ART,Storia dell'arte,Storia dell'arte per epoche,conoscenza,triennio,Arte contemporanea,Secondo Novecento e tendenze attuali.,,consapevolezza_espressione_culturali,LA|LC|LES|LL|LMC|LMI|LSU,A-54,
ART.CON.LING.01,ART,Storia dell'arte,Lettura dell'opera,conoscenza,biennio,Elementi del linguaggio visivo,"Punto, linea, colore, composizione.",,consapevolezza_espressione_culturali,LA|LL|LMC,A-54,
ART.CON.LING.02,ART,Storia dell'arte,Lettura dell'opera,conoscenza,biennio,Tecniche artistiche,"Pittura, scultura, architettura, incisione.",,consapevolezza_espressione_culturali,LA|LL|LMC,A-54,
ART.CON.PAT.01,ART,Storia dell'arte,Patrimonio e tutela,conoscenza,triennio,Patrimonio e tutela,"Museo, conservazione, restauro (cenni).",,cittadinanza,LA|LC|LES|LL|LMC|LMI|LSU,A-54,
ART.COM.LING.01,ART,Storia dell'arte,Lettura dell'opera,competenza,triennio,Leggere e analizzare un'opera d'arte,"Analisi formale, iconografica, contestuale.",analizzare,consapevolezza_espressione_culturali,LA|LC|LES|LL|LMC|LMI|LSU,A-54,
ART.COM.STA.01,ART,Storia dell'arte,Storia dell'arte per epoche,competenza,triennio,Collocare le opere nel contesto,Quadro storico-culturale.,analizzare,consapevolezza_espressione_culturali,LA|LC|LES|LL|LMC|LMI|LSU,A-54,
ART.COM.STA.02,ART,Storia dell'arte,Storia dell'arte per epoche,competenza,triennio,"Riconoscere stili, tecniche, autori",Identificare linguaggi e attribuzioni.,applicare,consapevolezza_espressione_culturali,LA|LC|LES|LL|LMC|LMI|LSU,A-54,
ART.COM.PAT.01,ART,Storia dell'arte,Patrimonio e tutela,competenza,triennio,Comprendere il valore del patrimonio,Tutela e cittadinanza culturale.,valutare,cittadinanza,LA|LC|LES|LL|LMC|LMI|LSU,A-54,
ART.COM.STA.03,ART,Storia dell'arte,Storia dell'arte per epoche,competenza,triennio,Confrontare opere ed epoche,Analisi comparativa.,valutare,consapevolezza_espressione_culturali,LA|LC|LES|LL|LMC|LMI|LSU,A-54,
DSA.CON.DIS.01,DSA,Disegno e storia dell'arte,Disegno geometrico,conoscenza,biennio,Costruzioni geometriche,Enti geometrici e costruzioni fondamentali.,,matematica_stem,LS|LSA,A-17,
DSA.CON.DIS.02,DSA,Disegno e storia dell'arte,Disegno geometrico,conoscenza,biennio,Proiezioni ortogonali,Metodo delle proiezioni ortogonali.,,matematica_stem,LS|LSA,A-17,
DSA.CON.DIS.03,DSA,Disegno e storia dell'arte,Disegno geometrico,conoscenza,triennio,Assonometria,Rappresentazione assonometrica.,,matematica_stem,LS|LSA,A-17,
DSA.CON.DIS.04,DSA,Disegno e storia dell'arte,Disegno geometrico,conoscenza,triennio,Prospettiva,Metodi prospettici.,,matematica_stem,LS|LSA,A-17,
DSA.CON.STA.01,DSA,Disegno e storia dell'arte,Storia dell'arte,conoscenza,triennio,Storia dell'arte (panoramica),Linee della storia dell'arte dall'antico al contemporaneo.,,consapevolezza_espressione_culturali,LS|LSA,A-17,
DSA.COM.DIS.01,DSA,Disegno e storia dell'arte,Disegno geometrico,competenza,biennio,Rappresentare lo spazio col disegno,Usare il disegno come conoscenza dello spazio.,applicare,matematica_stem,LS|LSA,A-17,
DSA.COM.DIS.02,DSA,Disegno e storia dell'arte,Disegno geometrico,competenza,triennio,Applicare i metodi di rappresentazione,"Proiezioni, assonometria, prospettiva.",applicare,matematica_stem,LS|LSA,A-17,
DSA.COM.STA.01,DSA,Disegno e storia dell'arte,Storia dell'arte,competenza,triennio,Leggere l'opera d'arte e architettonica,Analisi dell'opera e del progetto.,analizzare,consapevolezza_espressione_culturali,LS|LSA,A-17,
DSA.COM.DIS.03,DSA,Disegno e storia dell'arte,Disegno geometrico,competenza,triennio,"Collegare disegno, geometria e storia dell'arte",Integrazione tra rappresentazione e storia.,valutare,consapevolezza_espressione_culturali,LS|LSA,A-17,
SMO.CON.COR.01,SMO,Scienze motorie e sportive,Corporeita' e movimento,conoscenza,biennio,Schemi motori e capacita' motorie,Capacita' condizionali e coordinative.,,personale_sociale_imparare,LA|LC|LES|LL|LMC|LMI|LS|LSA|LSS|LSU,A-48,
SMO.CON.COR.02,SMO,Scienze motorie e sportive,Corporeita' e movimento,conoscenza,biennio,Anatomia e fisiologia di base,Apparati e funzionamento del corpo.,,matematica_stem,LA|LC|LES|LL|LMC|LMI|LS|LSA|LSS|LSU,A-48,
SMO.CON.SPO.01,SMO,Scienze motorie e sportive,Gioco e sport,conoscenza,biennio,Giochi e sport: tecniche e regolamenti,Fondamentali e regole delle discipline.,,personale_sociale_imparare,LA|LC|LES|LL|LMC|LMI|LS|LSA|LSS|LSU,A-48,
SMO.CON.SAL.01,SMO,Scienze motorie e sportive,Salute e benessere,conoscenza,triennio,Educazione alla salute,"Alimentazione, benessere, stili di vita.",,cittadinanza,LA|LC|LES|LL|LMC|LMI|LS|LSA|LSS|LSU,A-48,
SMO.CON.SIC.01,SMO,Scienze motorie e sportive,Sicurezza e fair play,conoscenza,biennio,Sicurezza e primo soccorso,Prevenzione e nozioni di primo soccorso.,,cittadinanza,LA|LC|LES|LL|LMC|LMI|LS|LSA|LSS|LSU,A-48,
SMO.CON.SPO.02,SMO,Scienze motorie e sportive,Gioco e sport,conoscenza,triennio,Teoria dell'allenamento,Principi del movimento e dell'allenamento.,,personale_sociale_imparare,LA|LC|LES|LL|LMC|LMI|LS|LSA|LSS|LSU,A-48,
SMO.COM.COR.01,SMO,Scienze motorie e sportive,Corporeita' e movimento,competenza,biennio,Padroneggiare schemi e abilita' motorie,Controllo del movimento e tecnica.,applicare,personale_sociale_imparare,LA|LC|LES|LL|LMC|LMI|LS|LSA|LSS|LSU,A-48,
SMO.COM.SPO.01,SMO,Scienze motorie e sportive,Gioco e sport,competenza,triennio,Praticare sport rispettando le regole,Gioco corretto e fair play.,applicare,cittadinanza,LA|LC|LES|LL|LMC|LMI|LS|LSA|LSS|LSU,A-48,
SMO.COM.SAL.01,SMO,Scienze motorie e sportive,Salute e benessere,competenza,triennio,Adottare stili di vita sani e attivi,Benessere e prevenzione.,valutare,cittadinanza,LA|LC|LES|LL|LMC|LMI|LS|LSA|LSS|LSU,A-48,
SMO.COM.COR.02,SMO,Scienze motorie e sportive,Corporeita' e movimento,competenza,triennio,Collaborare e assumere ruoli nel gruppo,Cooperazione e responsabilita'.,applicare,personale_sociale_imparare,LA|LC|LES|LL|LMC|LMI|LS|LSA|LSS|LSU,A-48,
SMO.COM.SIC.01,SMO,Scienze motorie e sportive,Sicurezza e fair play,competenza,biennio,Garantire la sicurezza propria e altrui,Comportamenti sicuri e responsabili.,applicare,cittadinanza,LA|LC|LES|LL|LMC|LMI|LS|LSA|LSS|LSU,A-48,
MUS.CON.STM.01,MUS,Storia della musica,Storia della musica per epoche,conoscenza,triennio,La musica dal medioevo al barocco,Generi e forme dal canto gregoriano al barocco.,,consapevolezza_espressione_culturali,LMC,A-53,
MUS.CON.STM.02,MUS,Storia della musica,Storia della musica per epoche,conoscenza,triennio,Classicismo e Romanticismo,Forme classiche e linguaggio romantico.,,consapevolezza_espressione_culturali,LMC,A-53,
MUS.CON.STM.03,MUS,Storia della musica,Storia della musica per epoche,conoscenza,triennio,Il Novecento e la musica contemporanea,Linguaggi del Novecento e oltre.,,consapevolezza_espressione_culturali,LMC,A-53,
MUS.COM.ASC.01,MUS,Storia della musica,Ascolto e analisi,competenza,triennio,Analizzare all'ascolto,"Riconoscere forme, stili, strutture.",analizzare,consapevolezza_espressione_culturali,LMC,A-53,
MUS.COM.ASC.02,MUS,Storia della musica,Ascolto e analisi,competenza,triennio,Contestualizzare opere e autori,Quadro storico-culturale della musica.,analizzare,consapevolezza_espressione_culturali,LMC,A-53,
TAC.CON.TEO.01,TAC,"Teoria, analisi e composizione",Teoria e armonia,conoscenza,triennio,Teoria e armonia,Elementi di teoria e armonia tonale.,,consapevolezza_espressione_culturali,LMC,A-64,
TAC.CON.ANL.01,TAC,"Teoria, analisi e composizione",Analisi,conoscenza,triennio,Analisi formale,Forme e strutture musicali.,,consapevolezza_espressione_culturali,LMC,A-64,
TAC.COM.ANL.01,TAC,"Teoria, analisi e composizione",Analisi,competenza,triennio,Analizzare una partitura,Lettura analitica del testo musicale.,analizzare,consapevolezza_espressione_culturali,LMC,A-64,
TAC.COM.COM.01,TAC,"Teoria, analisi e composizione",Composizione,competenza,triennio,Armonizzare e comporre,Realizzare brevi composizioni/arrangiamenti.,creare,consapevolezza_espressione_culturali,LMC,A-64,
TEC.CON.ACU.01,TEC,Tecnologie musicali,Acustica e audio,conoscenza,triennio,Acustica e fondamenti dell'audio,"Suono, acustica, formati audio.",,matematica_stem,LMC,A-63,
TEC.CON.DAW.01,TEC,Tecnologie musicali,Produzione digitale,conoscenza,triennio,Produzione musicale digitale,"MIDI, DAW, registrazione, editing.",,digitale,LMC,A-63,
TEC.COM.DAW.01,TEC,Tecnologie musicali,Produzione digitale,competenza,triennio,Produrre ed elaborare audio,Usare software per creare ed editare suono.,creare,digitale,LMC,A-63,
DGE.CON.GEO.01,DGE,Discipline geometriche e architettura,Geometria descrittiva,conoscenza,biennio,Geometria descrittiva,"Proiezioni, assonometrie, prospettiva.",,matematica_stem,LA,A-08,
DGE.CON.PRO.01,DGE,Discipline geometriche e architettura,Progettazione,conoscenza,triennio,Progettazione architettonica e d'arredo,Metodi del progetto e scenotecnica.,,consapevolezza_espressione_culturali,LA,A-08,
DGE.COM.PRO.01,DGE,Discipline geometriche e architettura,Progettazione,competenza,triennio,Sviluppare un progetto,Dall'idea alla rappresentazione esecutiva.,creare,consapevolezza_espressione_culturali,LA,A-08,
DPI.CON.TEC.01,DPI,Discipline pittoriche,Tecniche pittoriche,conoscenza,biennio,Tecniche pittoriche,"Materiali, supporti, colore.",,consapevolezza_espressione_culturali,LA,A-09,
DPI.CON.PRO.01,DPI,Discipline pittoriche,Progetto pittorico,conoscenza,triennio,Composizione e progetto pittorico,Iter progettuale dell'opera pittorica.,,consapevolezza_espressione_culturali,LA,A-09,
DPI.COM.PRO.01,DPI,Discipline pittoriche,Progetto pittorico,competenza,triennio,Realizzare un'opera pittorica,Tradurre l'idea in elaborato.,creare,consapevolezza_espressione_culturali,LA,A-09,
DPL.CON.TEC.01,DPL,Discipline plastiche e scultoree,Tecniche plastiche,conoscenza,biennio,Tecniche plastiche e scultoree,Modellazione e materiali.,,consapevolezza_espressione_culturali,LA,A-14,
DPL.CON.PRO.01,DPL,Discipline plastiche e scultoree,Progetto plastico,conoscenza,triennio,Progetto plastico-scultoreo,Iter del progetto plastico.,,consapevolezza_espressione_culturali,LA,A-14,
DPL.COM.PRO.01,DPL,Discipline plastiche e scultoree,Progetto plastico,competenza,triennio,Realizzare un manufatto plastico,Dalla progettazione alla realizzazione.,creare,consapevolezza_espressione_culturali,LA,A-14,
DAU.CON.LIN.01,DAU,Discipline audiovisive,Linguaggio audiovisivo,conoscenza,biennio,Linguaggio audiovisivo,"Inquadratura, fotografia, montaggio.",,digitale,LA,A-07,
DAU.CON.PRO.01,DAU,Discipline audiovisive,Produzione audiovisiva,conoscenza,triennio,Produzione audiovisiva,Iter di un prodotto audiovisivo.,,digitale,LA,A-07,
DAU.COM.PRO.01,DAU,Discipline audiovisive,Produzione audiovisiva,competenza,triennio,Realizzare un prodotto audiovisivo,"Ripresa, montaggio, post-produzione.",creare,digitale,LA,A-07,
DGR.CON.LIN.01,DGR,Discipline grafico-pubblicitarie,Comunicazione visiva,conoscenza,biennio,Comunicazione visiva,"Segno, tipografia, layout.",,consapevolezza_espressione_culturali,LA,A-10,
DGR.CON.PRO.01,DGR,Discipline grafico-pubblicitarie,Progetto grafico,conoscenza,triennio,Progetto grafico-pubblicitario,"Brief, concept, esecutivo.",,imprenditoriale,LA,A-10,
DGR.COM.PRO.01,DGR,Discipline grafico-pubblicitarie,Progetto grafico,competenza,triennio,Realizzare un artefatto grafico,Progettare per la comunicazione.,creare,imprenditoriale,LA,A-10,
TRA.COM.EU.01,TRA,Trasversali (competenze chiave),Competenze chiave europee 2018,competenza,quinquennio,Competenza alfabetica funzionale,Comprendere e produrre testi; argomentare.,creare,alfabetica_funzionale,LC|LS|LSA|LSS|LL|LSU|LES|LA|LMC|LMI,(tutte),
TRA.COM.EU.02,TRA,Trasversali (competenze chiave),Competenze chiave europee 2018,competenza,quinquennio,Competenza multilinguistica,Consapevolezza metalinguistica e comparazione.,analizzare,multilinguistica,LC|LS|LSA|LSS|LL|LSU|LES|LA|LMC|LMI,(tutte),
TRA.COM.EU.03,TRA,Trasversali (competenze chiave),Competenze chiave europee 2018,competenza,quinquennio,Competenza STEM,Pensiero matematico-scientifico e tecnologico.,applicare,matematica_stem,LC|LS|LSA|LSS|LL|LSU|LES|LA|LMC|LMI,(tutte),
TRA.COM.EU.04,TRA,Trasversali (competenze chiave),Competenze chiave europee 2018,competenza,quinquennio,Competenza digitale,Uso critico di fonti e strumenti digitali.,applicare,digitale,LC|LS|LSA|LSS|LL|LSU|LES|LA|LMC|LMI,(tutte),
TRA.COM.EU.05,TRA,Trasversali (competenze chiave),Competenze chiave europee 2018,competenza,quinquennio,Imparare a imparare,Metodo di studio e metacognizione.,valutare,personale_sociale_imparare,LC|LS|LSA|LSS|LL|LSU|LES|LA|LMC|LMI,(tutte),
TRA.COM.EU.06,TRA,Trasversali (competenze chiave),Competenze chiave europee 2018,competenza,quinquennio,Competenza di cittadinanza,Pensiero critico e partecipazione.,valutare,cittadinanza,LC|LS|LSA|LSS|LL|LSU|LES|LA|LMC|LMI,(tutte),
TRA.COM.EU.07,TRA,Trasversali (competenze chiave),Competenze chiave europee 2018,competenza,quinquennio,Competenza imprenditoriale,Progettualita' e iniziativa.,creare,imprenditoriale,LC|LS|LSA|LSS|LL|LSU|LES|LA|LMC|LMI,(tutte),
TRA.COM.EU.08,TRA,Trasversali (competenze chiave),Competenze chiave europee 2018,competenza,quinquennio,Consapevolezza ed espressione culturali,Patrimonio come eredita' e alterita'.,valutare,consapevolezza_espressione_culturali,LC|LS|LSA|LSS|LL|LSU|LES|LA|LMC|LMI,(tutte),
TRA.COM.COG.01,TRA,Trasversali (competenze chiave),Competenze cognitivo-disciplinari,competenza,quinquennio,Competenza ermeneutico-interpretativa,Leggere e interpretare testi e fonti.,analizzare,consapevolezza_espressione_culturali,LC|LS|LSA|LSS|LL|LSU|LES|LA|LMC|LMI,(tutte),
TRA.COM.COG.02,TRA,Trasversali (competenze chiave),Competenze cognitivo-disciplinari,competenza,quinquennio,Competenza storico-contestualizzante,Collocare nelle coordinate culturali.,analizzare,cittadinanza,LC|LS|LSA|LSS|LL|LSU|LES|LA|LMC|LMI,(tutte),
TRA.COM.COG.03,TRA,Trasversali (competenze chiave),Competenze cognitivo-disciplinari,competenza,quinquennio,Competenza argomentativa,Ragionamenti coerenti con prove.,creare,alfabetica_funzionale,LC|LS|LSA|LSS|LL|LSU|LES|LA|LMC|LMI,(tutte),
TRA.COM.COG.04,TRA,Trasversali (competenze chiave),Competenze cognitivo-disciplinari,competenza,quinquennio,Competenza comparativa,"Confrontare lingue, testi, epoche, interpretazioni.",analizzare,consapevolezza_espressione_culturali,LC|LS|LSA|LSS|LL|LSU|LES|LA|LMC|LMI,(tutte),
LAT.COM.TRAD.06,LAT,Latino,Traduzione e analisi del testo,competenza,triennio,Praticare la traduzione contrastiva,"Confrontare la propria traduzione con versioni accreditate, motivando le scelte.",valutare,multilinguistica,LC|LS|LSU,A-11|A-13,
LAT.COM.TRAD.07,LAT,Latino,Traduzione e analisi del testo,competenza,triennio,Usare strumenti digitali e IA per lo studio del latino,"Avvalersi in modo critico di risorse informatiche, anche di IA generativa.",applicare,digitale,LC|LS|LSU,A-11|A-13,IA
GRC.COM.TRAD.05,GRC,Greco,Traduzione e analisi del testo,competenza,triennio,Praticare la traduzione contrastiva,"Confrontare la propria traduzione con versioni accreditate, motivando le scelte.",valutare,multilinguistica,LC,A-13,
GRC.COM.TRAD.06,GRC,Greco,Traduzione e analisi del testo,competenza,triennio,Usare strumenti digitali e IA per lo studio del greco,"Avvalersi in modo critico di risorse informatiche, anche di IA generativa.",applicare,digitale,LC,A-13,IA
ITA.COM.SCRI.06,ITA,Italiano (lingua e letteratura),Produzione scritta,competenza,triennio,Usare strumenti digitali e IA per scrivere e studiare,Impiegare in modo critico e consapevole strumenti digitali e di IA generativa.,applicare,digitale,LA|LC|LES|LL|LMC|LMI|LS|LSA|LSS|LSU,A-11|A-13,IA
GRC.CON.SINT.05,GRC,Greco,Sintassi,conoscenza,biennio,Sintassi dei casi,"Funzioni di nominativo, genitivo, dativo, accusativo, vocativo; analisi logica",,multilinguistica,LC,A-13,
GRC.COM.ANAL.01,GRC,Greco,Strumenti dell'analisi letteraria,competenza,triennio,Analizzare struttura e aspetti formali,"Genere, struttura, stile, figure retoriche, rapporto forma-contenuto",analizzare,consapevolezza_espressione_culturali,LC,A-13,
GRC.COM.ANAL.02,GRC,Greco,Strumenti dell'analisi letteraria,competenza,triennio,Condurre la lettura diretta,Lettura diretta e parafrasi come prima forma di interpretazione,analizzare,consapevolezza_espressione_culturali,LC,A-13,
GRC.COM.CRIT.01,GRC,Greco,Teoria e critica letteraria,competenza,triennio,Interpretare e usare la critica,Formulare interpretazioni autonome; metodologie della critica letteraria,valutare,consapevolezza_espressione_culturali,LC,A-13,
GRC.COM.LETT.03,GRC,Greco,Storia letteraria,competenza,triennio,Temi topoi e intertestualita',"Riconoscere temi, motivi, topoi, archetipi; intertestualita' e confronti",analizzare,consapevolezza_espressione_culturali,LC,A-13,
GRC.COM.LETT.04,GRC,Greco,Storia letteraria,competenza,triennio,Analizzare la dimensione autoriale,"Biografia, opere, stile, poetica, ipertestualita' di un autore",analizzare,consapevolezza_espressione_culturali,LC,A-13,
GRC.COM.SCIA.01,GRC,Greco,Scienze dell'antichita',competenza,triennio,Linguistica storica e dialettologia,"Diacronia del greco, dialetti, rapporti con l'indoeuropeo e le lingue moderne",analizzare,multilinguistica,LC,A-13,
GRC.COM.SCIA.02,GRC,Greco,Scienze dell'antichita',competenza,triennio,Storia fonti e metodo storiografico,Contestualizzare nella storia greca; valutare le fonti,analizzare,consapevolezza_espressione_culturali,LC,A-13,
GRC.COM.SCIA.03,GRC,Greco,Scienze dell'antichita',competenza,triennio,Archeologia e cultura materiale,"Leggere reperti, monumenti e siti come fonti",analizzare,consapevolezza_espressione_culturali,LC,A-13,
GRC.COM.SCIA.04,GRC,Greco,Scienze dell'antichita',competenza,triennio,Mitologia e religione,"Interpretare il mito; culti, riti, religione poleica",analizzare,consapevolezza_espressione_culturali,LC,A-13,
GRC.COM.SCIA.05,GRC,Greco,Scienze dell'antichita',competenza,triennio,Filosofia antica,Leggere e interpretare testi e scuole filosofiche,analizzare,consapevolezza_espressione_culturali,LC,A-13,
GRC.COM.SCIA.06,GRC,Greco,Scienze dell'antichita',competenza,triennio,Arte e iconografia,Leggere l'arte greca; rapporto testo-immagine,analizzare,consapevolezza_espressione_culturali,LC,A-13,
GRC.COM.SCIA.07,GRC,Greco,Scienze dell'antichita',competenza,triennio,Epigrafia e papirologia,Le fonti dirette: iscrizioni e papiri,comprendere,consapevolezza_espressione_culturali,LC,A-13,
GRC.COM.SCIA.08,GRC,Greco,Scienze dell'antichita',competenza,triennio,Filologia ed ecdotica,Trasmissione dei testi; critica testuale; apparato critico,valutare,consapevolezza_espressione_culturali,LC,A-13,
GRC.COM.SCIA.09,GRC,Greco,Scienze dell'antichita',competenza,triennio,Geografia storica e topografia,Geografia e topografia del mondo greco,comprendere,consapevolezza_espressione_culturali,LC,A-13,
GRC.COM.SCIA.10,GRC,Greco,Scienze dell'antichita',competenza,triennio,Diritto e istituzioni,Istituzioni politiche e giuridiche della polis,comprendere,cittadinanza,LC,A-13,
GRC.COM.SCIA.11,GRC,Greco,Scienze dell'antichita',competenza,triennio,Antropologia del mondo antico,"Categorie antropologiche: onore, dono, ospitalita', genere, schiavitu'",analizzare,consapevolezza_espressione_culturali,LC,A-13,
GRC.COM.SCIA.12,GRC,Greco,Scienze dell'antichita',competenza,triennio,Ricezione e tradizione classica,Nachleben: permanenza del greco nella cultura europea; attualizzare,valutare,consapevolezza_espressione_culturali,LC,A-13,
LAT.COM.ANAL.01,LAT,Latino,Strumenti dell'analisi letteraria,competenza,triennio,Analizzare struttura e aspetti formali,"Genere, struttura, stile, figure retoriche, rapporto forma-contenuto",analizzare,consapevolezza_espressione_culturali,LC|LS|LSU,A-11|A-13,
LAT.COM.ANAL.02,LAT,Latino,Strumenti dell'analisi letteraria,competenza,triennio,Condurre la lettura diretta,Lettura diretta e parafrasi come prima forma di interpretazione,analizzare,consapevolezza_espressione_culturali,LC|LS|LSU,A-11|A-13,
LAT.COM.CRIT.01,LAT,Latino,Teoria e critica letteraria,competenza,triennio,Interpretare e usare la critica,Formulare interpretazioni autonome; metodologie della critica letteraria,valutare,consapevolezza_espressione_culturali,LC|LS|LSU,A-11|A-13,
LAT.COM.LETT.02,LAT,Latino,Storia letteraria,competenza,triennio,Temi topoi e intertestualita',"Riconoscere temi, motivi, topoi; intertestualita' e confronti",analizzare,consapevolezza_espressione_culturali,LC|LS|LSU,A-11|A-13,
LAT.COM.LETT.03,LAT,Latino,Storia letteraria,competenza,triennio,Analizzare la dimensione autoriale,"Biografia, opere, stile, poetica, ipertestualita' di un autore",analizzare,consapevolezza_espressione_culturali,LC|LS|LSU,A-11|A-13,
LAT.COM.SCIA.01,LAT,Latino,Scienze dell'antichita',competenza,triennio,Linguistica storica,"Diacronia del latino, rapporti con l'italiano e le lingue romanze",analizzare,multilinguistica,LC|LS|LSU,A-11|A-13,
LAT.COM.SCIA.02,LAT,Latino,Scienze dell'antichita',competenza,triennio,Storia fonti e metodo storiografico,Contestualizzare nella storia romana; valutare le fonti,analizzare,consapevolezza_espressione_culturali,LC|LS|LSU,A-11|A-13,
LAT.COM.SCIA.03,LAT,Latino,Scienze dell'antichita',competenza,triennio,Archeologia e cultura materiale,"Leggere reperti, monumenti e siti del mondo romano",analizzare,consapevolezza_espressione_culturali,LC|LS|LSU,A-11|A-13,
LAT.COM.SCIA.04,LAT,Latino,Scienze dell'antichita',competenza,triennio,Mitologia e religione,"Mito, culti, religione e ritualita' romana",analizzare,consapevolezza_espressione_culturali,LC|LS|LSU,A-11|A-13,
LAT.COM.SCIA.05,LAT,Latino,Scienze dell'antichita',competenza,triennio,Filosofia antica,Leggere e interpretare testi e scuole filosofiche (epicureismo, stoicismo),analizzare,consapevolezza_espressione_culturali,LC|LS|LSU,A-11|A-13,
LAT.COM.SCIA.06,LAT,Latino,Scienze dell'antichita',competenza,triennio,Arte e iconografia,Leggere l'arte romana; rapporto testo-immagine,analizzare,consapevolezza_espressione_culturali,LC|LS|LSU,A-11|A-13,
LAT.COM.SCIA.07,LAT,Latino,Scienze dell'antichita',competenza,triennio,Epigrafia e papirologia,Le fonti dirette: iscrizioni latine,comprendere,consapevolezza_espressione_culturali,LC|LS|LSU,A-11|A-13,
LAT.COM.SCIA.08,LAT,Latino,Scienze dell'antichita',competenza,triennio,Filologia ed ecdotica,Trasmissione dei testi; critica testuale; apparato critico,valutare,consapevolezza_espressione_culturali,LC|LS|LSU,A-11|A-13,
LAT.COM.SCIA.09,LAT,Latino,Scienze dell'antichita',competenza,triennio,Geografia storica e topografia,Geografia e topografia del mondo romano,comprendere,consapevolezza_espressione_culturali,LC|LS|LSU,A-11|A-13,
LAT.COM.SCIA.10,LAT,Latino,Scienze dell'antichita',competenza,triennio,Diritto e istituzioni,Il diritto romano e le istituzioni della res publica e dell'impero,comprendere,cittadinanza,LC|LS|LSU,A-11|A-13,
LAT.COM.SCIA.11,LAT,Latino,Scienze dell'antichita',competenza,triennio,Antropologia del mondo antico,"Categorie antropologiche: familia, mos maiorum, genere, schiavitu'",analizzare,consapevolezza_espressione_culturali,LC|LS|LSU,A-11|A-13,
LAT.COM.SCIA.12,LAT,Latino,Scienze dell'antichita',competenza,triennio,Ricezione e tradizione classica,Nachleben: permanenza del latino nella cultura europea; attualizzare,valutare,consapevolezza_espressione_culturali,LC|LS|LSU,A-11|A-13,
ITA.COM.LETT.05,ITA,Italiano (lingua e letteratura),Storia ed educazione letteraria,competenza,triennio,Analizzare la dimensione autoriale,"Biografia, opere, stile, poetica, ipertestualita' di un autore",analizzare,consapevolezza_espressione_culturali,LA|LC|LES|LL|LMC|LMI|LS|LSA|LSS|LSU,A-11|A-13,
